op,phase,M,S,family,flops,bytes_hbm,ai,ridge,bound,compute_dtype,baseline_lat_ms,baseline_reward,target_reward,target_lat_ms,target_speedup_x,roofline_lat_ms,target_desc
o_proj,prefill,1024,65536,gemm,206158430208.0,130572288.0,1578.88,493.38,compute,fp8,1.76758,0.0446,0.0669,1.17839,1.5,0.07884,"min(roofline=1.000, 1.5x_base=0.0669) -> reward>=0.0669 @ <= 1178.4us"
o_proj,prefill,2048,65536,gemm,412316860416.0,160456704.0,2569.65,493.38,compute,fp8,3.1985,0.0493,0.07395,2.13233,1.5,0.15768,"min(roofline=1.000, 1.5x_base=0.0739) -> reward>=0.0739 @ <= 2132.3us"
o_proj,prefill,4096,65536,gemm,824633720832.0,220225536.0,3744.5,493.38,compute,fp8,6.09516,0.05174,0.07761,4.06344,1.5,0.31536,"min(roofline=1.000, 1.5x_base=0.0776) -> reward>=0.0776 @ <= 4063.4us"
index_k,prefill,1024,65536,gemm,103079215104.0,432799936.0,238.17,493.38,memory,fp8,0.84679,0.09644,0.14465,0.56452,1.5,0.08166,"min(roofline=1.000, 1.5x_base=0.1447) -> reward>=0.1447 @ <= 564.5us"
index_k,prefill,2048,65536,gemm,103079215104.0,432799936.0,238.17,493.38,memory,fp8,0.84825,0.09627,0.1444,0.5655,1.5,0.08166,"min(roofline=1.000, 1.5x_base=0.1444) -> reward>=0.1444 @ <= 565.5us"
index_k,prefill,4096,65536,gemm,103079215104.0,432799936.0,238.17,493.38,memory,fp8,0.84642,0.09648,0.14472,0.56428,1.5,0.08166,"min(roofline=1.000, 1.5x_base=0.1447) -> reward>=0.1447 @ <= 564.3us"
dsa_attn,decode,16,65536,mla,4563402752.0,40108032.0,113.78,246.68,memory,bf16,0.25234,0.02999,0.04498,0.16823,1.5,0.00757,"min(roofline=1.000, 1.5x_base=0.0450) -> reward>=0.0450 @ <= 168.2us"
dsa_attn,decode,32,65536,mla,9126805504.0,80216064.0,113.78,246.68,memory,bf16,0.38474,0.03934,0.05901,0.25649,1.5,0.01514,"min(roofline=1.000, 1.5x_base=0.0590) -> reward>=0.0590 @ <= 256.5us"
