------------------ ------------------------------------------------------------ ------ ------ ------ ------ ------ ------ ------ ------ ------ ------ ------ ------ ------ ------ ------ ------ ------ ------ ------ ------ ------ ------ ------ ------ ------ ------ ------ ------ ------ ------ ------ ------ ------ ------ ------ ------ ------ ------ ------ ------ ------ ------ ------ ------ ------ ------ ------ ------ ------ ------ ------ ------ ------ ------ ------ ------ ------ ------ ------ ------ ------ ------ ------
Kernel Name        void smxx::decode::flash_fwd_mla_combine_kernel<cutlass::bfl                                                                                                                                                                                                                                                                                                                                                                                                                                                         
                   oat16_t, (int)512, (int)8, (int)160, (int)256>(CombineParams                                                                                                                                                                                                                                                                                                                                                                                                                                                         
                   )                                                                                                                                                                                                                                                                                                                                                                                                                                                                                                                    
------------------ ------------------------------------------------------------ ------ ------ ------ ------ ------ ------ ------ ------ ------ ------ ------ ------ ------ ------ ------ ------ ------ ------ ------ ------ ------ ------ ------ ------ ------ ------ ------ ------ ------ ------ ------ ------ ------ ------ ------ ------ ------ ------ ------ ------ ------ ------ ------ ------ ------ ------ ------ ------ ------ ------ ------ ------ ------ ------ ------ ------ ------ ------ ------ ------ ------ ------ ------
Address            Source                                                       Warp S Warp S # Samp Instru Thread Predic Avg. T Avg. P Avg. P Diverg Addres Access Access L1 Tag L1 Con L1 Wav L1 Wav L1 Wav L2 The L2 The L2 The L2 The L2 Exp L2 Exp L2 Exp L2 Exp L2 Exp L2 Exp L2 Exp stall_ stall_ stall_ stall_ stall_ stall_ stall_ stall_ stall_ stall_ stall_ stall_ stall_ stall_ stall_ stall_ stall_ stall_ stall_ stall_ stall_ stall_ stall_ stall_ stall_ stall_ stall_ stall_ stall_ stall_ stall_ stall_ stall_ stall_
                                                                                tall S tall S les    ctions  Instr ated-O hreads redica redica ent Br s Spac  Opera  Size   Reque flicts efront efront efront oretic oretic oretic oretic licit  licit  licit  licit  licit  licit  licit  barrie branch dispat drain  lg     long_s math   membar mio    misc   no_ins not_se select short_ sleep  tex    wait   barrie branch dispat drain  lg (No long_s math ( membar mio (N misc ( no_ins not_se select short_ sleepi tex (N wait (
                                                                                amplin amplin         Execu uction n Thre  Execu ted-On ted-On anches e      tion          sts Gl  Share s Shar s Shar s Shar al Sec al Sec al Sec al Sec Evict  Hit Po Hit Po Hit Po Hit Po Miss P Miss P r      _resol ch                   b                                  t      lected ed     sb                          r (Not _resol ch (No (Not I t Issu b (Not Not Is  (Not  ot Iss Not Is t (Not lected ed (No sb (No ng (No ot Iss Not Is
                                                                                g (All g (Not        ted    s Exec ad Ins ted     Threa  Threa                             obal   d N-Wa ed Exc ed     ed Ide tors G tors G tors G tors L Polici licy E licy E licy E licy E olicy  olicy         ving                                                                                                             Issue ving ( t Issu ssued) ed)     Issue sued)  Issued ued)   sued)   Issue  (Not  t Issu t Issu t Issu ued)   sued) 
                                                                                 Sampl -issue               uted   tructi        ds Exe ds Une                                    y      essive        al     lobal  lobal  lobal  ocal   es     vict F vict L vict N vict N Evict  Evict                                                                                                                         d)     Not Is ed)                  d)            )                    d)     Issued ed)    ed)    ed)                 
                                                                                es)    d Samp                      ons Ex        cuted  xecute                                                                Excess        Ideal                irst   ast    ormal  ormal  First  Normal                                                                                                                               sued)                                                                 )                                        
                                                                                       les)                        ecuted               d                                                                     ive                                                     Demote                                                                                                                                                                                                                                                            
0x100055fc600            LDC R1, c[0x0][0x37c]                                  19     19     19     1024   32768  32768  32     32     0      0      -      -      -      0      0      0      0      0      0      0      0      0      -      0      0      0      0      0      0      0      0      0      0      0      0      0      0      0      0      19     0      0      0      0      0      0      0      0      0      0      0      0      0      0      0      0      19     0      0      0      0      0      0     
0x100055fc610            LDC R0, c[0x0][0x384]                                  1      0      1      1024   32768  32768  32     32     0      0      -      -      -      0      0      0      0      0      0      0      0      0      -      0      0      0      0      0      0      0      0      0      0      0      0      0      0      0      0      0      0      1      0      0      0      0      0      0      0      0      0      0      0      0      0      0      0      0      0      0      0      0      0     
0x100055fc620            S2R R3, SR_CTAID.X                                     0      0      0      1024   32768  32768  32     32     0      0      -      -      -      0      0      0      0      0      0      0      0      0      -      0      0      0      0      0      0      0      0      0      0      0      0      0      0      0      0      0      0      0      0      0      0      0      0      0      0      0      0      0      0      0      0      0      0      0      0      0      0      0      0     
0x100055fc630            LDCU UR5, c[0x0][0x2f8]                                0      0      0      1024   32768  32768  32     32     0      0      -      -      -      0      0      0      0      0      0      0      0      0      -      0      0      0      0      0      0      0      0      0      0      0      0      0      0      0      0      0      0      0      0      0      0      0      0      0      0      0      0      0      0      0      0      0      0      0      0      0      0      0      0     
0x100055fc640            VIADD R1, R1, 0xffffffe8                               4      4      4      1024   32768  32768  32     32     0      0      -      -      -      0      0      0      0      0      0      0      0      0      -      0      0      0      0      0      0      0      0      0      0      0      0      0      0      0      0      0      0      0      4      0      0      0      0      0      0      0      0      0      0      0      0      0      0      0      0      4      0      0      0     
0x100055fc650            S2R R17, SR_TID.X                                      0      0      0      1024   32768  32768  32     32     0      0      -      -      -      0      0      0      0      0      0      0      0      0      -      0      0      0      0      0      0      0      0      0      0      0      0      0      0      0      0      0      0      0      0      0      0      0      0      0      0      0      0      0      0      0      0      0      0      0      0      0      0      0      0     
0x100055fc660            LDCU UR4, c[0x0][0x2fc]                                1      0      1      1024   32768  32768  32     32     0      0      -      -      -      0      0      0      0      0      0      0      0      0      -      0      0      0      0      0      0      0      0      0      0      0      0      0      0      0      0      0      0      1      0      0      0      0      0      0      0      0      0      0      0      0      0      0      0      0      0      0      0      0      0     
0x100055fc670            S2UR UR36, SR_CTAID.Z                                  0      0      0      1024   32768  32768  32     32     0      0      -      -      -      0      0      0      0      0      0      0      0      0      -      0      0      0      0      0      0      0      0      0      0      0      0      0      0      0      0      0      0      0      0      0      0      0      0      0      0      0      0      0      0      0      0      0      0      0      0      0      0      0      0     
0x100055fc680            LDC R4, c[0x0][0x388]                                  0      0      0      1024   32768  32768  32     32     0      0      -      -      -      0      0      0      0      0      0      0      0      0      -      0      0      0      0      0      0      0      0      0      0      0      0      0      0      0      0      0      0      0      0      0      0      0      0      0      0      0      0      0      0      0      0      0      0      0      0      0      0      0      0     
0x100055fc690            IABS R2, R0                                            1      0      1      1024   32768  32768  32     32     0      0      -      -      -      0      0      0      0      0      0      0      0      0      -      0      0      0      0      0      0      0      0      0      0      0      0      0      0      0      0      0      0      1      0      0      0      0      0      0      0      0      0      0      0      0      0      0      0      0      0      0      0      0      0     
0x100055fc6a0            I2F.RP R7, R2                                          0      0      0      1024   32768  32768  32     32     0      0      -      -      -      0      0      0      0      0      0      0      0      0      -      0      0      0      0      0      0      0      0      0      0      0      0      0      0      0      0      0      0      0      0      0      0      0      0      0      0      0      0      0      0      0      0      0      0      0      0      0      0      0      0     
0x100055fc6b0            USHF.L.U32 UR36, UR36, 0x3, URZ                        0      0      0      1024   32768  32768  32     32     0      0      -      -      -      0      0      0      0      0      0      0      0      0      -      0      0      0      0      0      0      0      0      0      0      0      0      0      0      0      0      0      0      0      0      0      0      0      0      0      0      0      0      0      0      0      0      0      0      0      0      0      0      0      0     
0x100055fc6c0            SHF.R.U32.HI R18, RZ, 0x5, R17                         0      0      0      1024   32768  32768  32     32     0      0      -      -      -      0      0      0      0      0      0      0      0      0      -      0      0      0      0      0      0      0      0      0      0      0      0      0      0      0      0      0      0      0      0      0      0      0      0      0      0      0      0      0      0      0      0      0      0      0      0      0      0      0      0     
0x100055fc6d0            MUFU.RCP R8, R7                                        2      1      2      1024   32768  32768  32     32     0      0      -      -      -      0      0      0      0      0      0      0      0      0      -      0      0      0      0      0      0      0      0      0      0      0      0      0      0      0      0      0      0      0      2      0      0      0      0      0      0      0      0      0      0      0      0      0      0      0      0      1      0      0      0     
0x100055fc6e0            VIADD R8, R8, 0xffffffe                                0      0      0      1024   32768  32768  32     32     0      0      -      -      -      0      0      0      0      0      0      0      0      0      -      0      0      0      0      0      0      0      0      0      0      0      0      0      0      0      0      0      0      0      0      0      0      0      0      0      0      0      0      0      0      0      0      0      0      0      0      0      0      0      0     
0x100055fc6f0            IADD3 R7, PT, PT, RZ, -UR36, RZ                        0      0      0      1024   32768  32768  32     32     0      0      -      -      -      0      0      0      0      0      0      0      0      0      -      0      0      0      0      0      0      0      0      0      0      0      0      0      0      0      0      0      0      0      0      0      0      0      0      0      0      0      0      0      0      0      0      0      0      0      0      0      0      0      0     
0x100055fc700            F2I.FTZ.U32.TRUNC.NTZ R9, R8                           0      0      0      1024   32768  32768  32     32     0      0      -      -      -      0      0      0      0      0      0      0      0      0      -      0      0      0      0      0      0      0      0      0      0      0      0      0      0      0      0      0      0      0      0      0      0      0      0      0      0      0      0      0      0      0      0      0      0      0      0      0      0      0      0     
0x100055fc710            VIADDMNMX R7, R7, R4, 0x8, PT                          5      5      5      1024   32768  32768  32     32     0      0      -      -      -      0      0      0      0      0      0      0      0      0      -      0      0      0      0      0      0      0      0      0      0      0      0      0      0      0      0      0      0      0      5      0      0      0      0      0      0      0      0      0      0      0      0      0      0      0      0      5      0      0      0     
0x100055fc720            ISETP.GE.AND P1, PT, R18, R7, PT                       0      0      0      1024   32768  32768  32     32     0      0      -      -      -      0      0      0      0      0      0      0      0      0      -      0      0      0      0      0      0      0      0      0      0      0      0      0      0      0      0      0      0      0      0      0      0      0      0      0      0      0      0      0      0      0      0      0      0      0      0      0      0      0      0     
0x100055fc730            HFMA2 R8, -RZ, RZ, 0, 0                                0      0      0      1024   32768  32768  32     32     0      0      -      -      -      0      0      0      0      0      0      0      0      0      -      0      0      0      0      0      0      0      0      0      0      0      0      0      0      0      0      0      0      0      0      0      0      0      0      0      0      0      0      0      0      0      0      0      0      0      0      0      0      0      0     
0x100055fc740            IMAD.MOV R5, RZ, RZ, -R9                               1      0      1      1024   32768  32768  32     32     0      0      -      -      -      0      0      0      0      0      0      0      0      0      -      0      0      0      0      0      0      0      0      0      0      0      0      0      0      0      0      0      1      0      0      0      0      0      0      0      0      0      0      0      0      0      0      0      0      0      0      0      0      0      0     
0x100055fc750            IMAD R6, R5, R2, RZ                                    0      0      0      1024   32768  32768  32     32     0      0      -      -      -      0      0      0      0      0      0      0      0      0      -      0      0      0      0      0      0      0      0      0      0      0      0      0      0      0      0      0      0      0      0      0      0      0      0      0      0      0      0      0      0      0      0      0      0      0      0      0      0      0      0     
0x100055fc760            IABS R5, R3                                            0      0      0      1024   32768  32768  32     32     0      0      -      -      -      0      0      0      0      0      0      0      0      0      -      0      0      0      0      0      0      0      0      0      0      0      0      0      0      0      0      0      0      0      0      0      0      0      0      0      0      0      0      0      0      0      0      0      0      0      0      0      0      0      0     
0x100055fc770            IMAD.HI.U32 R9, R9, R6, R8                             1      0      1      1024   32768  32768  32     32     0      0      -      -      -      0      0      0      0      0      0      0      0      0      -      0      0      0      0      0      0      0      0      0      0      0      0      0      0      0      0      0      0      1      0      0      0      0      0      0      0      0      0      0      0      0      0      0      0      0      0      0      0      0      0     
0x100055fc780            IMAD.MOV.U32 R6, RZ, RZ, R5                            1      1      1      1024   32768  32768  32     32     0      0      -      -      -      0      0      0      0      0      0      0      0      0      -      0      0      0      0      0      0      0      0      0      0      0      0      0      0      0      0      0      0      0      0      0      0      1      0      0      0      0      0      0      0      0      0      0      0      0      0      0      0      0      1     
0x100055fc790            IMAD.HI.U32 R36, R9, R6, RZ                            0      0      0      1024   32768  32768  32     32     0      0      -      -      -      0      0      0      0      0      0      0      0      0      -      0      0      0      0      0      0      0      0      0      0      0      0      0      0      0      0      0      0      0      0      0      0      0      0      0      0      0      0      0      0      0      0      0      0      0      0      0      0      0      0     
0x100055fc7a0            IMAD.MOV R5, RZ, RZ, -R36                              0      0      0      1024   32768  32768  32     32     0      0      -      -      -      0      0      0      0      0      0      0      0      0      -      0      0      0      0      0      0      0      0      0      0      0      0      0      0      0      0      0      0      0      0      0      0      0      0      0      0      0      0      0      0      0      0      0      0      0      0      0      0      0      0     
0x100055fc7b0            IMAD R5, R2, R5, R6                                    0      0      0      1024   32768  32768  32     32     0      0      -      -      -      0      0      0      0      0      0      0      0      0      -      0      0      0      0      0      0      0      0      0      0      0      0      0      0      0      0      0      0      0      0      0      0      0      0      0      0      0      0      0      0      0      0      0      0      0      0      0      0      0      0     
0x100055fc7c0            IADD3 R6, P0, PT, R1, UR5, RZ                          0      0      0      1024   32768  32768  32     32     0      0      -      -      -      0      0      0      0      0      0      0      0      0      -      0      0      0      0      0      0      0      0      0      0      0      0      0      0      0      0      0      0      0      0      0      0      0      0      0      0      0      0      0      0      0      0      0      0      0      0      0      0      0      0     
0x100055fc7d0            ISETP.GT.U32.AND P2, PT, R2, R5, PT                    0      0      0      1024   32768  32768  32     32     0      0      -      -      -      0      0      0      0      0      0      0      0      0      -      0      0      0      0      0      0      0      0      0      0      0      0      0      0      0      0      0      0      0      0      0      0      0      0      0      0      0      0      0      0      0      0      0      0      0      0      0      0      0      0     
0x100055fc7e0            IADD3.X R7, PT, PT, RZ, UR4, RZ, P0, !PT               1      1      1      1024   32768  32768  32     32     0      0      -      -      -      0      0      0      0      0      0      0      0      0      -      0      0      0      0      0      0      0      0      0      0      0      0      0      0      0      0      0      0      0      0      0      0      1      0      0      0      0      0      0      0      0      0      0      0      0      0      0      0      0      1     
0x100055fc7f0      @!P2  IMAD.IADD R5, R5, 0x1, -R2                             0      0      0      1024   32768  30720  32     30     2      0      -      -      -      0      0      0      0      0      0      0      0      0      -      0      0      0      0      0      0      0      0      0      0      0      0      0      0      0      0      0      0      0      0      0      0      0      0      0      0      0      0      0      0      0      0      0      0      0      0      0      0      0      0     
0x100055fc800            ISETP.GE.U32.AND P3, PT, R5, R2, PT                    0      0      0      1024   32768  32768  32     32     0      0      -      -      -      0      0      0      0      0      0      0      0      0      -      0      0      0      0      0      0      0      0      0      0      0      0      0      0      0      0      0      0      0      0      0      0      0      0      0      0      0      0      0      0      0      0      0      0      0      0      0      0      0      0     
0x100055fc810            LOP3.LUT R2, R3, R0, RZ, 0x3c, !PT                     0      0      0      1024   32768  32768  32     32     0      0      -      -      -      0      0      0      0      0      0      0      0      0      -      0      0      0      0      0      0      0      0      0      0      0      0      0      0      0      0      0      0      0      0      0      0      0      0      0      0      0      0      0      0      0      0      0      0      0      0      0      0      0      0     
0x100055fc820      @P1   EXIT                                                   0      0      0      1024   32768  0      32     0      32     0      -      -      -      0      0      0      0      0      0      0      0      0      -      0      0      0      0      0      0      0      0      0      0      0      0      0      0      0      0      0      0      0      0      0      0      0      0      0      0      0      0      0      0      0      0      0      0      0      0      0      0      0      0     
0x100055fc830            LDC.64 R4, c[0x0][0x3e8]                               0      0      0      1024   32768  32768  32     32     0      0      -      -      -      0      0      0      0      0      0      0      0      0      -      0      0      0      0      0      0      0      0      0      0      0      0      0      0      0      0      0      0      0      0      0      0      0      0      0      0      0      0      0      0      0      0      0      0      0      0      0      0      0      0     
0x100055fc840            ISETP.GE.AND P0, PT, R2, RZ, PT                        0      0      0      1024   32768  32768  32     32     0      0      -      -      -      0      0      0      0      0      0      0      0      0      -      0      0      0      0      0      0      0      0      0      0      0      0      0      0      0      0      0      0      0      0      0      0      0      0      0      0      0      0      0      0      0      0      0      0      0      0      0      0      0      0     
0x100055fc850      @!P2  VIADD R36, R36, 0x1                                    0      0      0      1024   32768  30720  32     30     2      0      -      -      -      0      0      0      0      0      0      0      0      0      -      0      0      0      0      0      0      0      0      0      0      0      0      0      0      0      0      0      0      0      0      0      0      0      0      0      0      0      0      0      0      0      0      0      0      0      0      0      0      0      0     
0x100055fc860            ISETP.NE.AND P1, PT, R0, RZ, PT                        0      0      0      1024   32768  32768  32     32     0      0      -      -      -      0      0      0      0      0      0      0      0      0      -      0      0      0      0      0      0      0      0      0      0      0      0      0      0      0      0      0      0      0      0      0      0      0      0      0      0      0      0      0      0      0      0      0      0      0      0      0      0      0      0     
0x100055fc870            LDCU.64 UR38, c[0x0][0x358]                            0      0      0      1024   32768  32768  32     32     0      0      -      -      -      0      0      0      0      0      0      0      0      0      -      0      0      0      0      0      0      0      0      0      0      0      0      0      0      0      0      0      0      0      0      0      0      0      0      0      0      0      0      0      0      0      0      0      0      0      0      0      0      0      0     
0x100055fc880      @P3   VIADD R36, R36, 0x1                                    0      0      0      1024   32768  0      32     0      32     0      -      -      -      0      0      0      0      0      0      0      0      0      -      0      0      0      0      0      0      0      0      0      0      0      0      0      0      0      0      0      0      0      0      0      0      0      0      0      0      0      0      0      0      0      0      0      0      0      0      0      0      0      0     
0x100055fc890      @!P0  IADD3 R36, PT, PT, -R36, RZ, RZ                        0      0      0      1024   32768  0      32     0      32     0      -      -      -      0      0      0      0      0      0      0      0      0      -      0      0      0      0      0      0      0      0      0      0      0      0      0      0      0      0      0      0      0      0      0      0      0      0      0      0      0      0      0      0      0      0      0      0      0      0      0      0      0      0     
0x100055fc8a0      @!P1  LOP3.LUT R36, RZ, R0, RZ, 0x33, !PT                    0      0      0      1024   32768  0      32     0      32     0      -      -      -      0      0      0      0      0      0      0      0      0      -      0      0      0      0      0      0      0      0      0      0      0      0      0      0      0      0      0      0      0      0      0      0      0      0      0      0      0      0      0      0      0      0      0      0      0      0      0      0      0      0     
0x100055fc8b0            IMAD.WIDE R4, R36, 0x4, R4                             4      4      4      1024   32768  32768  32     32     0      0      -      -      -      0      0      0      0      0      0      0      0      0      -      0      0      0      0      0      0      0      0      0      0      0      0      0      0      0      0      0      0      0      4      0      0      0      0      0      0      0      0      0      0      0      0      0      0      0      0      4      0      0      0     
0x100055fc8c0            LDG.E.CONSTANT R37, desc[UR38][R4.64]                  0      0      0      1024   32768  32768  32     32     0      0      Global Load   32     1024   0      0      0      0      0      1024   1024   0             0      0      0      0      0      0      0      0      0      0      0      0      0      0      0      0      0      0      0      0      0      0      0      0      0      0      0      0      0      0      0      0      0      0      0      0      0      0      0      0     
0x100055fc8d0            LDG.E.CONSTANT R16, desc[UR38][R4.64+0x4]              0      0      0      1024   32768  32768  32     32     0      0      Global Load   32     1024   0      0      0      0      0      1024   1024   0             0      0      0      0      0      0      0      0      0      0      0      0      0      0      0      0      0      0      0      0      0      0      0      0      0      0      0      0      0      0      0      0      0      0      0      0      0      0      0      0     
0x100055fc8e0            IADD3 R19, PT, PT, -R36, RZ, RZ                        1      0      1      1024   32768  32768  32     32     0      0      -      -      -      0      0      0      0      0      0      0      0      0      -      0      0      0      0      0      0      0      0      0      0      0      0      0      0      0      0      0      0      1      0      0      0      0      0      0      0      0      0      0      0      0      0      0      0      0      0      0      0      0      0     
0x100055fc8f0            IMAD.IADD R2, R16, 0x1, -R37                           17     17     17     1024   32768  32768  32     32     0      0      -      -      -      0      0      0      0      0      0      0      0      0      -      0      0      0      0      0      0      0      0      0      0      0      17     0      0      0      0      0      0      0      0      0      0      0      0      0      0      0      0      17     0      0      0      0      0      0      0      0      0      0      0     
0x100055fc900            ISETP.NE.U32.AND P0, PT, R2, 0x1, PT                   0      0      0      1024   32768  32768  32     32     0      0      -      -      -      0      0      0      0      0      0      0      0      0      -      0      0      0      0      0      0      0      0      0      0      0      0      0      0      0      0      0      0      0      0      0      0      0      0      0      0      0      0      0      0      0      0      0      0      0      0      0      0      0      0     
0x100055fc910      @!P0  EXIT                                                   0      0      0      1024   32768  0      32     0      32     0      -      -      -      0      0      0      0      0      0      0      0      0      -      0      0      0      0      0      0      0      0      0      0      0      0      0      0      0      0      0      0      0      0      0      0      0      0      0      0      0      0      0      0      0      0      0      0      0      0      0      0      0      0     
0x100055fc920            ISETP.GE.AND P0, PT, R2, 0xa1, PT                      0      0      0      1024   32768  32768  32     32     0      0      -      -      -      0      0      0      0      0      0      0      0      0      -      0      0      0      0      0      0      0      0      0      0      0      0      0      0      0      0      0      0      0      0      0      0      0      0      0      0      0      0      0      0      0      0      0      0      0      0      0      0      0      0     
0x100055fc930            IMAD R19, R0, R19, R3                                  0      0      0      1024   32768  32768  32     32     0      0      -      -      -      0      0      0      0      0      0      0      0      0      -      0      0      0      0      0      0      0      0      0      0      0      0      0      0      0      0      0      0      0      0      0      0      0      0      0      0      0      0      0      0      0      0      0      0      0      0      0      0      0      0     
0x100055fc940            LOP3.LUT R17, R17, 0x1f, RZ, 0xc0, !PT                 0      0      0      1024   32768  32768  32     32     0      0      -      -      -      0      0      0      0      0      0      0      0      0      -      0      0      0      0      0      0      0      0      0      0      0      0      0      0      0      0      0      0      0      0      0      0      0      0      0      0      0      0      0      0      0      0      0      0      0      0      0      0      0      0     
0x100055fc950      @!P0  BRA 0x100055fca40                                      0      0      0      1024   32768  32768  32     32     0      0      -      -      -      0      0      0      0      0      0      0      0      0      -      0      0      0      0      0      0      0      0      0      0      0      0      0      0      0      0      0      0      0      0      0      0      0      0      0      0      0      0      0      0      0      0      0      0      0      0      0      0      0      0     
0x100055fc960            LDC.64 R12, c[0x4][0x70]                               0      0      0      0      0      0      0      0      32     0      -      -      -      0      0      0      0      0      0      0      0      0      -      0      0      0      0      0      0      0      0      0      0      0      0      0      0      0      0      0      0      0      0      0      0      0      0      0      0      0      0      0      0      0      0      0      0      0      0      0      0      0      0     
0x100055fc970            MOV R8, 0x0                                            0      0      0      0      0      0      0      0      32     0      -      -      -      0      0      0      0      0      0      0      0      0      -      0      0      0      0      0      0      0      0      0      0      0      0      0      0      0      0      0      0      0      0      0      0      0      0      0      0      0      0      0      0      0      0      0      0      0      0      0      0      0      0     
0x100055fc980            IMAD.MOV.U32 R0, RZ, RZ, 0x2b                          0      0      0      0      0      0      0      0      32     0      -      -      -      0      0      0      0      0      0      0      0      0      -      0      0      0      0      0      0      0      0      0      0      0      0      0      0      0      0      0      0      0      0      0      0      0      0      0      0      0      0      0      0      0      0      0      0      0      0      0      0      0      0     
0x100055fc990            LDCU.64 UR4, c[0x4][0x68]                              0      0      0      0      0      0      0      0      32     0      -      -      -      0      0      0      0      0      0      0      0      0      -      0      0      0      0      0      0      0      0      0      0      0      0      0      0      0      0      0      0      0      0      0      0      0      0      0      0      0      0      0      0      0      0      0      0      0      0      0      0      0      0     
0x100055fc9a0            STL [R1+0x8], R0                                       0      0      0      0      0      0      0      0      32     0                           0      0      0      0      0      0      0      0      0      -      0      0      0      0      0      0      0      0      0      0      0      0      0      0      0      0      0      0      0      0      0      0      0      0      0      0      0      0      0      0      0      0      0      0      0      0      0      0      0      0     
0x100055fc9b0            LDC.64 R10, c[0x4][0x78]                               0      0      0      0      0      0      0      0      32     0      -      -      -      0      0      0      0      0      0      0      0      0      -      0      0      0      0      0      0      0      0      0      0      0      0      0      0      0      0      0      0      0      0      0      0      0      0      0      0      0      0      0      0      0      0      0      0      0      0      0      0      0      0     
0x100055fc9c0            LDC.64 R8, c[0x4][R8]                                  0      0      0      0      0      0      0      0      32     0      -      -      -      0      0      0      0      0      0      0      0      0      -      0      0      0      0      0      0      0      0      0      0      0      0      0      0      0      0      0      0      0      0      0      0      0      0      0      0      0      0      0      0      0      0      0      0      0      0      0      0      0      0     
0x100055fc9d0            MOV R4, UR4                                            0      0      0      0      0      0      0      0      32     0      -      -      -      0      0      0      0      0      0      0      0      0      -      0      0      0      0      0      0      0      0      0      0      0      0      0      0      0      0      0      0      0      0      0      0      0      0      0      0      0      0      0      0      0      0      0      0      0      0      0      0      0      0     
0x100055fc9e0            IMAD.U32 R5, RZ, RZ, UR5                               0      0      0      0      0      0      0      0      32     0      -      -      -      0      0      0      0      0      0      0      0      0      -      0      0      0      0      0      0      0      0      0      0      0      0      0      0      0      0      0      0      0      0      0      0      0      0      0      0      0      0      0      0      0      0      0      0      0      0      0      0      0      0     
0x100055fc9f0            STL.64 [R1], R12                                       0      0      0      0      0      0      0      0      32     0                           0      0      0      0      0      0      0      0      0      -      0      0      0      0      0      0      0      0      0      0      0      0      0      0      0      0      0      0      0      0      0      0      0      0      0      0      0      0      0      0      0      0      0      0      0      0      0      0      0      0     
0x100055fca00            STL.64 [R1+0x10], R10                                  0      0      0      0      0      0      0      0      32     0                           0      0      0      0      0      0      0      0      0      -      0      0      0      0      0      0      0      0      0      0      0      0      0      0      0      0      0      0      0      0      0      0      0      0      0      0      0      0      0      0      0      0      0      0      0      0      0      0      0      0     
0x100055fca10            LEPC R20, 0x100055fca30                                0      0      0      0      0      0      0      0      32     0      -      -      -      0      0      0      0      0      0      0      0      0      -      0      0      0      0      0      0      0      0      0      0      0      0      0      0      0      0      0      0      0      0      0      0      0      0      0      0      0      0      0      0      0      0      0      0      0      0      0      0      0      0     
0x100055fca20            CALL.ABS.NOINC R8                                      0      0      0      0      0      0      0      0      32     0      -      -      -      0      0      0      0      0      0      0      0      0      -      0      0      0      0      0      0      0      0      0      0      0      0      0      0      0      0      0      0      0      0      0      0      0      0      0      0      0      0      0      0      0      0      0      0      0      0      0      0      0      0     
0x100055fca30            BPT.TRAP 0x1                                           0      0      0      0      0      0      0      0      32     0      -      -      -      0      0      0      0      0      0      0      0      0      -      0      0      0      0      0      0      0      0      0      0      0      0      0      0      0      0      0      0      0      0      0      0      0      0      0      0      0      0      0      0      0      0      0      0      0      0      0      0      0      0     
0x100055fca40            ISETP.GE.AND P6, PT, R17, R2, PT                       0      0      0      1024   32768  32768  32     32     0      0      -      -      -      0      0      0      0      0      0      0      0      0      -      0      0      0      0      0      0      0      0      0      0      0      0      0      0      0      0      0      0      0      0      0      0      0      0      0      0      0      0      0      0      0      0      0      0      0      0      0      0      0      0     
0x100055fca50            LDCU.128 UR4, c[0x0][0x3c0]                            0      0      0      1024   32768  32768  32     32     0      0      -      -      -      0      0      0      0      0      0      0      0      0      -      0      0      0      0      0      0      0      0      0      0      0      0      0      0      0      0      0      0      0      0      0      0      0      0      0      0      0      0      0      0      0      0      0      0      0      0      0      0      0      0     
0x100055fca60            LOP3.LUT R3, R17, 0x20, RZ, 0xfc, !PT                  1      0      1      1024   32768  32768  32     32     0      0      -      -      -      0      0      0      0      0      0      0      0      0      -      0      0      0      0      0      0      0      0      0      0      0      0      0      0      0      0      0      0      1      0      0      0      0      0      0      0      0      0      0      0      0      0      0      0      0      0      0      0      0      0     
0x100055fca70            IMAD.U32 R26, RZ, RZ, UR36                             0      0      0      1024   32768  32768  32     32     0      0      -      -      -      0      0      0      0      0      0      0      0      0      -      0      0      0      0      0      0      0      0      0      0      0      0      0      0      0      0      0      0      0      0      0      0      0      0      0      0      0      0      0      0      0      0      0      0      0      0      0      0      0      0     
0x100055fca80            LOP3.LUT R25, R17, 0x60, RZ, 0xfc, !PT                 0      0      0      1024   32768  32768  32     32     0      0      -      -      -      0      0      0      0      0      0      0      0      0      -      0      0      0      0      0      0      0      0      0      0      0      0      0      0      0      0      0      0      0      0      0      0      0      0      0      0      0      0      0      0      0      0      0      0      0      0      0      0      0      0     
0x100055fca90            IMAD.MOV.U32 R27, RZ, RZ, RZ                           0      0      0      1024   32768  32768  32     32     0      0      -      -      -      0      0      0      0      0      0      0      0      0      -      0      0      0      0      0      0      0      0      0      0      0      0      0      0      0      0      0      0      0      0      0      0      0      0      0      0      0      0      0      0      0      0      0      0      0      0      0      0      0      0     
0x100055fcaa0            ISETP.GE.AND P5, PT, R3, R2, PT                        0      0      0      1024   32768  32768  32     32     0      0      -      -      -      0      0      0      0      0      0      0      0      0      -      0      0      0      0      0      0      0      0      0      0      0      0      0      0      0      0      0      0      0      0      0      0      0      0      0      0      0      0      0      0      0      0      0      0      0      0      0      0      0      0     
0x100055fcab0            ACQBULK                                                0      0      0      1024   32768  32768  32     32     0      0      -      -      -      0      0      0      0      0      0      0      0      0      -      0      0      0      0      0      0      0      0      0      0      0      0      0      0      0      0      0      0      0      0      0      0      0      0      0      0      0      0      0      0      0      0      0      0      0      0      0      0      0      0     
0x100055fcac0            LOP3.LUT R29, R17, 0x40, RZ, 0xfc, !PT                 0      0      0      1024   32768  32768  32     32     0      0      -      -      -      0      0      0      0      0      0      0      0      0      -      0      0      0      0      0      0      0      0      0      0      0      0      0      0      0      0      0      0      0      0      0      0      0      0      0      0      0      0      0      0      0      0      0      0      0      0      0      0      0      0     
0x100055fcad0            LDCU UR8, c[0x0][0x3d8]                                0      0      0      1024   32768  32768  32     32     0      0      -      -      -      0      0      0      0      0      0      0      0      0      -      0      0      0      0      0      0      0      0      0      0      0      0      0      0      0      0      0      0      0      0      0      0      0      0      0      0      0      0      0      0      0      0      0      0      0      0      0      0      0      0     
0x100055fcae0            ISETP.GE.AND P3, PT, R25, R2, PT                       0      0      0      1024   32768  32768  32     32     0      0      -      -      -      0      0      0      0      0      0      0      0      0      -      0      0      0      0      0      0      0      0      0      0      0      0      0      0      0      0      0      0      0      0      0      0      0      0      0      0      0      0      0      0      0      0      0      0      0      0      0      0      0      0     
0x100055fcaf0            ISETP.GE.AND P4, PT, R29, R2, PT                       0      0      0      1024   32768  32768  32     32     0      0      -      -      -      0      0      0      0      0      0      0      0      0      -      0      0      0      0      0      0      0      0      0      0      0      0      0      0      0      0      0      0      0      0      0      0      0      0      0      0      0      0      0      0      0      0      0      0      0      0      0      0      0      0     
0x100055fcb00      @!P6  LDC.64 R12, c[0x0][0x3b8]                              0      0      0      1024   32768  8192   32     8      24     0      -      -      -      0      0      0      0      0      0      0      0      0      -      0      0      0      0      0      0      0      0      0      0      0      0      0      0      0      0      0      0      0      0      0      0      0      0      0      0      0      0      0      0      0      0      0      0      0      0      0      0      0      0     
0x100055fcb10            LOP3.LUT R23, R17, 0x80, RZ, 0xfc, !PT                 0      0      0      1024   32768  32768  32     32     0      0      -      -      -      0      0      0      0      0      0      0      0      0      -      0      0      0      0      0      0      0      0      0      0      0      0      0      0      0      0      0      0      0      0      0      0      0      0      0      0      0      0      0      0      0      0      0      0      0      0      0      0      0      0     
0x100055fcb20            ISETP.GE.AND P2, PT, R23, R2, PT                       0      0      0      1024   32768  32768  32     32     0      0      -      -      -      0      0      0      0      0      0      0      0      0      -      0      0      0      0      0      0      0      0      0      0      0      0      0      0      0      0      0      0      0      0      0      0      0      0      0      0      0      0      0      0      0      0      0      0      0      0      0      0      0      0     
0x100055fcb30            IMAD.WIDE R26, R37, UR6, R26                           3      3      3      1024   32768  32768  32     32     0      0      -      -      -      0      0      0      0      0      0      0      0      0      -      0      0      0      0      0      0      0      0      0      0      0      0      0      0      0      0      0      0      0      3      0      0      0      0      0      0      0      0      0      0      0      0      0      0      0      0      3      0      0      0     
0x100055fcb40      @!P5  LDC.64 R10, c[0x0][0x3b8]                              0      0      0      1024   32768  0      32     0      32     0      -      -      -      0      0      0      0      0      0      0      0      0      -      0      0      0      0      0      0      0      0      0      0      0      0      0      0      0      0      0      0      0      0      0      0      0      0      0      0      0      0      0      0      0      0      0      0      0      0      0      0      0      0     
0x100055fcb50      @!P6  IMAD R15, R17, UR6, R18                                0      0      0      1024   32768  8192   32     8      24     0      -      -      -      0      0      0      0      0      0      0      0      0      -      0      0      0      0      0      0      0      0      0      0      0      0      0      0      0      0      0      0      0      0      0      0      0      0      0      0      0      0      0      0      0      0      0      0      0      0      0      0      0      0     
0x100055fcb60            IMAD.WIDE R26, R19, UR7, R26                           0      0      0      1024   32768  32768  32     32     0      0      -      -      -      0      0      0      0      0      0      0      0      0      -      0      0      0      0      0      0      0      0      0      0      0      0      0      0      0      0      0      0      0      0      0      0      0      0      0      0      0      0      0      0      0      0      0      0      0      0      0      0      0      0     
0x100055fcb70      @!P3  LDC.64 R6, c[0x0][0x3b8]                               1      0      1      1024   32768  0      32     0      32     0      -      -      -      0      0      0      0      0      0      0      0      0      -      0      0      0      0      0      0      0      0      1      0      0      0      0      0      0      0      0      0      0      0      0      0      0      0      0      0      0      0      0      0      0      0      0      0      0      0      0      0      0      0     
0x100055fcb80      @!P6  IADD3 R21, P0, PT, R26, R15, RZ                        0      0      0      1024   32768  8192   32     8      24     0      -      -      -      0      0      0      0      0      0      0      0      0      -      0      0      0      0      0      0      0      0      0      0      0      0      0      0      0      0      0      0      0      0      0      0      0      0      0      0      0      0      0      0      0      0      0      0      0      0      0      0      0      0     
0x100055fcb90      @!P5  IMAD R3, R3, UR6, R18                                  0      0      0      1024   32768  0      32     0      32     0      -      -      -      0      0      0      0      0      0      0      0      0      -      0      0      0      0      0      0      0      0      0      0      0      0      0      0      0      0      0      0      0      0      0      0      0      0      0      0      0      0      0      0      0      0      0      0      0      0      0      0      0      0     
0x100055fcba0      @!P4  IMAD R29, R29, UR6, R18                                0      0      0      1024   32768  0      32     0      32     0      -      -      -      0      0      0      0      0      0      0      0      0      -      0      0      0      0      0      0      0      0      0      0      0      0      0      0      0      0      0      0      0      0      0      0      0      0      0      0      0      0      0      0      0      0      0      0      0      0      0      0      0      0     
0x100055fcbb0      @!P6  LEA.HI.X.SX32 R0, R15, R27, 0x1, P0                    1      0      1      1024   32768  8192   32     8      24     0      -      -      -      0      0      0      0      0      0      0      0      0      -      0      0      0      0      0      0      0      0      0      0      0      0      0      0      0      0      0      0      1      0      0      0      0      0      0      0      0      0      0      0      0      0      0      0      0      0      0      0      0      0     
0x100055fcbc0      @!P3  IMAD R25, R25, UR6, R18                                0      0      0      1024   32768  0      32     0      32     0      -      -      -      0      0      0      0      0      0      0      0      0      -      0      0      0      0      0      0      0      0      0      0      0      0      0      0      0      0      0      0      0      0      0      0      0      0      0      0      0      0      0      0      0      0      0      0      0      0      0      0      0      0     
0x100055fcbd0      @!P5  IADD3 R15, P1, PT, R26, R3, RZ                         0      0      0      1024   32768  0      32     0      32     0      -      -      -      0      0      0      0      0      0      0      0      0      -      0      0      0      0      0      0      0      0      0      0      0      0      0      0      0      0      0      0      0      0      0      0      0      0      0      0      0      0      0      0      0      0      0      0      0      0      0      0      0      0     
0x100055fcbe0      @!P4  LDC.64 R8, c[0x0][0x3b8]                               0      0      0      1024   32768  0      32     0      32     0      -      -      -      0      0      0      0      0      0      0      0      0      -      0      0      0      0      0      0      0      0      0      0      0      0      0      0      0      0      0      0      0      0      0      0      0      0      0      0      0      0      0      0      0      0      0      0      0      0      0      0      0      0     
0x100055fcbf0      @!P6  LEA R20, P0, R21, R12, 0x2                             0      0      0      1024   32768  8192   32     8      24     0      -      -      -      0      0      0      0      0      0      0      0      0      -      0      0      0      0      0      0      0      0      0      0      0      0      0      0      0      0      0      0      0      0      0      0      0      0      0      0      0      0      0      0      0      0      0      0      0      0      0      0      0      0     
0x100055fcc00      @!P5  LEA.HI.X.SX32 R24, R3, R27, 0x1, P1                    0      0      0      1024   32768  0      32     0      32     0      -      -      -      0      0      0      0      0      0      0      0      0      -      0      0      0      0      0      0      0      0      0      0      0      0      0      0      0      0      0      0      0      0      0      0      0      0      0      0      0      0      0      0      0      0      0      0      0      0      0      0      0      0     
0x100055fcc10      @!P6  LEA.HI.X R21, R21, R13, R0, 0x2, P0                    0      0      0      1024   32768  8192   32     8      24     0      -      -      -      0      0      0      0      0      0      0      0      0      -      0      0      0      0      0      0      0      0      0      0      0      0      0      0      0      0      0      0      0      0      0      0      0      0      0      0      0      0      0      0      0      0      0      0      0      0      0      0      0      0     
0x100055fcc20      @!P2  IMAD R13, R23, UR6, R18                                0      0      0      1024   32768  0      32     0      32     0      -      -      -      0      0      0      0      0      0      0      0      0      -      0      0      0      0      0      0      0      0      0      0      0      0      0      0      0      0      0      0      0      0      0      0      0      0      0      0      0      0      0      0      0      0      0      0      0      0      0      0      0      0     
0x100055fcc30      @!P4  IADD3 R23, P0, PT, R26, R29, RZ                        0      0      0      1024   32768  0      32     0      32     0      -      -      -      0      0      0      0      0      0      0      0      0      -      0      0      0      0      0      0      0      0      0      0      0      0      0      0      0      0      0      0      0      0      0      0      0      0      0      0      0      0      0      0      0      0      0      0      0      0      0      0      0      0     
0x100055fcc40      @!P2  LDC.64 R4, c[0x0][0x3b8]                               0      0      0      1024   32768  0      32     0      32     0      -      -      -      0      0      0      0      0      0      0      0      0      -      0      0      0      0      0      0      0      0      0      0      0      0      0      0      0      0      0      0      0      0      0      0      0      0      0      0      0      0      0      0      0      0      0      0      0      0      0      0      0      0     
0x100055fcc50      @!P3  IADD3 R3, P1, PT, R26, R25, RZ                         0      0      0      1024   32768  0      32     0      32     0      -      -      -      0      0      0      0      0      0      0      0      0      -      0      0      0      0      0      0      0      0      0      0      0      0      0      0      0      0      0      0      0      0      0      0      0      0      0      0      0      0      0      0      0      0      0      0      0      0      0      0      0      0     
0x100055fcc60            LDCU.64 UR6, c[0x0][0x3d0]                             0      0      0      1024   32768  32768  32     32     0      0      -      -      -      0      0      0      0      0      0      0      0      0      -      0      0      0      0      0      0      0      0      0      0      0      0      0      0      0      0      0      0      0      0      0      0      0      0      0      0      0      0      0      0      0      0      0      0      0      0      0      0      0      0     
0x100055fcc70      @!P4  LEA.HI.X.SX32 R22, R29, R27, 0x1, P0                   0      0      0      1024   32768  0      32     0      32     0      -      -      -      0      0      0      0      0      0      0      0      0      -      0      0      0      0      0      0      0      0      0      0      0      0      0      0      0      0      0      0      0      0      0      0      0      0      0      0      0      0      0      0      0      0      0      0      0      0      0      0      0      0     
0x100055fcc80      @!P2  IADD3 R0, P0, PT, R26, R13, RZ                         0      0      0      1024   32768  0      32     0      32     0      -      -      -      0      0      0      0      0      0      0      0      0      -      0      0      0      0      0      0      0      0      0      0      0      0      0      0      0      0      0      0      0      0      0      0      0      0      0      0      0      0      0      0      0      0      0      0      0      0      0      0      0      0     
0x100055fcc90      @!P3  LEA.HI.X.SX32 R12, R25, R27, 0x1, P1                   1      1      1      1024   32768  0      32     0      32     0      -      -      -      0      0      0      0      0      0      0      0      0      -      0      0      0      0      0      0      0      0      0      0      0      0      0      0      0      0      0      0      0      0      0      0      1      0      0      0      0      0      0      0      0      0      0      0      0      0      0      0      0      1     
0x100055fcca0      @!P5  LEA R26, P1, R15, R10, 0x2                             0      0      0      1024   32768  0      32     0      32     0      -      -      -      0      0      0      0      0      0      0      0      0      -      0      0      0      0      0      0      0      0      0      0      0      0      0      0      0      0      0      0      0      0      0      0      0      0      0      0      0      0      0      0      0      0      0      0      0      0      0      0      0      0     
0x100055fccb0            IMAD.MOV.U32 R10, RZ, RZ, -0x800000                    0      0      0      1024   32768  32768  32     32     0      0      -      -      -      0      0      0      0      0      0      0      0      0      -      0      0      0      0      0      0      0      0      0      0      0      0      0      0      0      0      0      0      0      0      0      0      0      0      0      0      0      0      0      0      0      0      0      0      0      0      0      0      0      0     
0x100055fccc0      @!P2  LEA.HI.X.SX32 R14, R13, R27, 0x1, P0                   0      0      0      1024   32768  0      32     0      32     0      -      -      -      0      0      0      0      0      0      0      0      0      -      0      0      0      0      0      0      0      0      0      0      0      0      0      0      0      0      0      0      0      0      0      0      0      0      0      0      0      0      0      0      0      0      0      0      0      0      0      0      0      0     
0x100055fccd0            IMAD.MOV.U32 R13, RZ, RZ, -0x800000                    0      0      0      1024   32768  32768  32     32     0      0      -      -      -      0      0      0      0      0      0      0      0      0      -      0      0      0      0      0      0      0      0      0      0      0      0      0      0      0      0      0      0      0      0      0      0      0      0      0      0      0      0      0      0      0      0      0      0      0      0      0      0      0      0     
0x100055fcce0      @!P5  LEA.HI.X R27, R15, R11, R24, 0x2, P1                   0      0      0      1024   32768  0      32     0      32     0      -      -      -      0      0      0      0      0      0      0      0      0      -      0      0      0      0      0      0      0      0      0      0      0      0      0      0      0      0      0      0      0      0      0      0      0      0      0      0      0      0      0      0      0      0      0      0      0      0      0      0      0      0     
0x100055fccf0      @!P3  LEA R6, P0, R3, R6, 0x2                                0      0      0      1024   32768  0      32     0      32     0      -      -      -      0      0      0      0      0      0      0      0      0      -      0      0      0      0      0      0      0      0      0      0      0      0      0      0      0      0      0      0      0      0      0      0      0      0      0      0      0      0      0      0      0      0      0      0      0      0      0      0      0      0     
0x100055fcd00      @!P6  LDG.E R10, desc[UR38][R20.64]                          0      0      0      1024   32768  8192   32     8      24     0      Global Load   32     8192   0      0      0      0      7168   8192   1024   0             0      0      0      0      0      0      0      0      0      0      0      0      0      0      0      0      0      0      0      0      0      0      0      0      0      0      0      0      0      0      0      0      0      0      0      0      0      0      0      0     
0x100055fcd10      @!P4  LEA R24, P1, R23, R8, 0x2                              0      0      0      1024   32768  0      32     0      32     0      -      -      -      0      0      0      0      0      0      0      0      0      -      0      0      0      0      0      0      0      0      0      0      0      0      0      0      0      0      0      0      0      0      0      0      0      0      0      0      0      0      0      0      0      0      0      0      0      0      0      0      0      0     
0x100055fcd20            IMAD.MOV.U32 R8, RZ, RZ, -0x800000                     0      0      0      1024   32768  32768  32     32     0      0      -      -      -      0      0      0      0      0      0      0      0      0      -      0      0      0      0      0      0      0      0      0      0      0      0      0      0      0      0      0      0      0      0      0      0      0      0      0      0      0      0      0      0      0      0      0      0      0      0      0      0      0      0     
0x100055fcd30      @!P3  LEA.HI.X R7, R3, R7, R12, 0x2, P0                      0      0      0      1024   32768  0      32     0      32     0      -      -      -      0      0      0      0      0      0      0      0      0      -      0      0      0      0      0      0      0      0      0      0      0      0      0      0      0      0      0      0      0      0      0      0      0      0      0      0      0      0      0      0      0      0      0      0      0      0      0      0      0      0     
0x100055fcd40            IMAD.MOV.U32 R11, RZ, RZ, -0x800000                    0      0      0      1024   32768  32768  32     32     0      0      -      -      -      0      0      0      0      0      0      0      0      0      -      0      0      0      0      0      0      0      0      0      0      0      0      0      0      0      0      0      0      0      0      0      0      0      0      0      0      0      0      0      0      0      0      0      0      0      0      0      0      0      0     
0x100055fcd50      @!P4  LEA.HI.X R25, R23, R9, R22, 0x2, P1                    0      0      0      1024   32768  0      32     0      32     0      -      -      -      0      0      0      0      0      0      0      0      0      -      0      0      0      0      0      0      0      0      0      0      0      0      0      0      0      0      0      0      0      0      0      0      0      0      0      0      0      0      0      0      0      0      0      0      0      0      0      0      0      0     
0x100055fcd60      @!P5  LDG.E R13, desc[UR38][R26.64]                          0      0      0      1024   32768  0      32     0      32     0             Load   32     0      0      0      0      0      0      0      0      0             0      0      0      0      0      0      0      0      0      0      0      0      0      0      0      0      0      0      0      0      0      0      0      0      0      0      0      0      0      0      0      0      0      0      0      0      0      0      0      0     
0x100055fcd70      @!P2  LEA R4, P0, R0, R4, 0x2                                0      0      0      1024   32768  0      32     0      32     0      -      -      -      0      0      0      0      0      0      0      0      0      -      0      0      0      0      0      0      0      0      0      0      0      0      0      0      0      0      0      0      0      0      0      0      0      0      0      0      0      0      0      0      0      0      0      0      0      0      0      0      0      0     
0x100055fcd80            IMAD.MOV.U32 R9, RZ, RZ, -0x800000                     0      0      0      1024   32768  32768  32     32     0      0      -      -      -      0      0      0      0      0      0      0      0      0      -      0      0      0      0      0      0      0      0      0      0      0      0      0      0      0      0      0      0      0      0      0      0      0      0      0      0      0      0      0      0      0      0      0      0      0      0      0      0      0      0     
0x100055fcd90      @!P4  LDG.E R8, desc[UR38][R24.64]                           0      0      0      1024   32768  0      32     0      32     0             Load   32     0      0      0      0      0      0      0      0      0             0      0      0      0      0      0      0      0      0      0      0      0      0      0      0      0      0      0      0      0      0      0      0      0      0      0      0      0      0      0      0      0      0      0      0      0      0      0      0      0     
0x100055fcda0      @!P2  LEA.HI.X R5, R0, R5, R14, 0x2, P0                      0      0      0      1024   32768  0      32     0      32     0      -      -      -      0      0      0      0      0      0      0      0      0      -      0      0      0      0      0      0      0      0      0      0      0      0      0      0      0      0      0      0      0      0      0      0      0      0      0      0      0      0      0      0      0      0      0      0      0      0      0      0      0      0     
0x100055fcdb0      @!P3  LDG.E R11, desc[UR38][R6.64]                           0      0      0      1024   32768  0      32     0      32     0             Load   32     0      0      0      0      0      0      0      0      0             0      0      0      0      0      0      0      0      0      0      0      0      0      0      0      0      0      0      0      0      0      0      0      0      0      0      0      0      0      0      0      0      0      0      0      0      0      0      0      0     
0x100055fcdc0      @!P2  LDG.E R9, desc[UR38][R4.64]                            1      1      1      1024   32768  0      32     0      32     0             Load   32     0      0      0      0      0      0      0      0      0             0      0      0      0      0      0      0      0      0      0      0      0      0      0      0      0      0      0      0      0      0      0      1      0      0      0      0      0      0      0      0      0      0      0      0      0      0      0      0      1     
0x100055fcdd0            VIADD R38, R18, UR36                                   0      0      0      1024   32768  32768  32     32     0      0      -      -      -      0      0      0      0      0      0      0      0      0      -      0      0      0      0      0      0      0      0      0      0      0      0      0      0      0      0      0      0      0      0      0      0      0      0      0      0      0      0      0      0      0      0      0      0      0      0      0      0      0      0     
0x100055fcde0            IMAD.SHL.U32 R40, R17, 0x4, RZ                         0      0      0      1024   32768  32768  32     32     0      0      -      -      -      0      0      0      0      0      0      0      0      0      -      0      0      0      0      0      0      0      0      0      0      0      0      0      0      0      0      0      0      0      0      0      0      0      0      0      0      0      0      0      0      0      0      0      0      0      0      0      0      0      0     
0x100055fcdf0            IMAD.WIDE R20, R37, UR6, RZ                            0      0      0      1024   32768  32768  32     32     0      0      -      -      -      0      0      0      0      0      0      0      0      0      -      0      0      0      0      0      0      0      0      0      0      0      0      0      0      0      0      0      0      0      0      0      0      0      0      0      0      0      0      0      0      0      0      0      0      0      0      0      0      0      0     
0x100055fce00            IMAD.WIDE R20, R19, UR7, R20                           0      0      0      1024   32768  32768  32     32     0      0      -      -      -      0      0      0      0      0      0      0      0      0      -      0      0      0      0      0      0      0      0      0      0      0      0      0      0      0      0      0      0      0      0      0      0      0      0      0      0      0      0      0      0      0      0      0      0      0      0      0      0      0      0     
0x100055fce10            IMAD.WIDE R20, R38, UR8, R20                           0      0      0      1024   32768  32768  32     32     0      0      -      -      -      0      0      0      0      0      0      0      0      0      -      0      0      0      0      0      0      0      0      0      0      0      0      0      0      0      0      0      0      0      0      0      0      0      0      0      0      0      0      0      0      0      0      0      0      0      0      0      0      0      0     
0x100055fce20            LEA R14, P0, R20, UR4, 0x2                             0      0      0      1024   32768  32768  32     32     0      0      -      -      -      0      0      0      0      0      0      0      0      0      -      0      0      0      0      0      0      0      0      0      0      0      0      0      0      0      0      0      0      0      0      0      0      0      0      0      0      0      0      0      0      0      0      0      0      0      0      0      0      0      0     
0x100055fce30            LEA.HI.X R15, R20, UR5, R21, 0x2, P0                   1      1      1      1024   32768  32768  32     32     0      0      -      -      -      0      0      0      0      0      0      0      0      0      -      0      0      0      0      0      0      0      0      1      0      0      0      0      0      0      0      0      0      0      0      0      0      0      0      0      1      0      0      0      0      0      0      0      0      0      0      0      0      0      0     
0x100055fce40            IMAD.WIDE.U32 R40, R40, 0x4, R14                       1      0      1      1024   32768  32768  32     32     0      0      -      -      -      0      0      0      0      0      0      0      0      0      -      0      0      0      0      0      0      0      0      0      0      0      0      0      0      0      0      0      0      1      0      0      0      0      0      0      0      0      0      0      0      0      0      0      0      0      0      0      0      0      0     
0x100055fce50            LDG.E.128 R20, desc[UR38][R40.64]                      0      0      0      1024   32768  32768  32     32     0      0      Global Load   128    4096   0      0      0      0      0      16384  16384  0             0      0      0      0      0      0      0      0      0      0      0      0      0      0      0      0      0      0      0      0      0      0      0      0      0      0      0      0      0      0      0      0      0      0      0      0      0      0      0      0     
0x100055fce60            LDG.E.128 R24, desc[UR38][R40.64+0x200]                0      0      0      1024   32768  32768  32     32     0      0      Global Load   128    4096   0      0      0      0      0      16384  16384  0             0      0      0      0      0      0      0      0      0      0      0      0      0      0      0      0      0      0      0      0      0      0      0      0      0      0      0      0      0      0      0      0      0      0      0      0      0      0      0      0     
0x100055fce70            LDG.E.128 R28, desc[UR38][R40.64+0x400]                1      0      1      1024   32768  32768  32     32     0      0      Global Load   128    4096   0      0      0      0      0      16384  16384  0             0      0      0      0      0      0      0      0      0      0      0      0      0      0      0      0      0      0      0      0      0      0      1      0      0      0      0      0      0      0      0      0      0      0      0      0      0      0      0      0     
0x100055fce80            LDG.E.128 R32, desc[UR38][R40.64+0x600]                0      0      0      1024   32768  32768  32     32     0      0      Global Load   128    4096   0      0      0      0      0      16384  16384  0             0      0      0      0      0      0      0      0      0      0      0      0      0      0      0      0      0      0      0      0      0      0      0      0      0      0      0      0      0      0      0      0      0      0      0      0      0      0      0      0     
0x100055fce90            FMNMX3.FTZ R0, R10, -INF , R13, !PT                    15     15     15     1024   32768  32768  32     32     0      0      -      -      -      0      0      0      0      0      0      0      0      0      -      0      0      0      0      0      0      0      0      0      0      0      15     0      0      0      0      0      0      0      0      0      0      0      0      0      0      0      0      15     0      0      0      0      0      0      0      0      0      0      0     
0x100055fcea0            FMNMX3.FTZ R0, R0, R8, R11, !PT                        1      1      1      1024   32768  32768  32     32     0      0      -      -      -      0      0      0      0      0      0      0      0      0      -      0      0      0      0      0      0      0      0      0      0      0      0      0      0      0      0      0      0      0      0      0      0      1      0      0      0      0      0      0      0      0      0      0      0      0      0      0      0      0      1     
0x100055fceb0            FMNMX.FTZ R7, R0, R9, !PT                              0      0      0      1024   32768  32768  32     32     0      0      -      -      -      0      0      0      0      0      0      0      0      0      -      0      0      0      0      0      0      0      0      0      0      0      0      0      0      0      0      0      0      0      0      0      0      0      0      0      0      0      0      0      0      0      0      0      0      0      0      0      0      0      0     
0x100055fcec0            SHFL.BFLY PT, R6, R7, 0x10, 0x1f                       0      0      0      1024   32768  32768  32     32     0      0      -      -      -      0      0      0      0      0      0      0      0      0      -      0      0      0      0      0      0      0      0      0      0      0      0      0      0      0      0      0      0      0      0      0      0      0      0      0      0      0      0      0      0      0      0      0      0      0      0      0      0      0      0     
0x100055fced0            FMNMX.FTZ R6, R7, R6, !PT                              1      1      1      1024   32768  32768  32     32     0      0      -      -      -      0      0      0      0      0      0      0      0      0      -      0      0      0      0      0      0      0      0      0      0      0      0      0      0      0      0      0      0      0      1      0      0      0      0      0      0      0      0      0      0      0      0      0      0      0      0      1      0      0      0     
0x100055fcee0            SHFL.BFLY PT, R5, R6, 0x8, 0x1f                        0      0      0      1024   32768  32768  32     32     0      0      -      -      -      0      0      0      0      0      0      0      0      0      -      0      0      0      0      0      0      0      0      0      0      0      0      0      0      0      0      0      0      0      0      0      0      0      0      0      0      0      0      0      0      0      0      0      0      0      0      0      0      0      0     
0x100055fcef0            FMNMX.FTZ R5, R6, R5, !PT                              2      2      2      1024   32768  32768  32     32     0      0      -      -      -      0      0      0      0      0      0      0      0      0      -      0      0      0      0      0      0      0      0      0      0      0      0      0      0      0      0      0      0      0      2      0      0      0      0      0      0      0      0      0      0      0      0      0      0      0      0      2      0      0      0     
0x100055fcf00            SHFL.BFLY PT, R4, R5, 0x4, 0x1f                        1      0      1      1024   32768  32768  32     32     0      0      -      -      -      0      0      0      0      0      0      0      0      0      -      0      0      0      0      0      0      0      0      0      0      0      0      0      0      0      0      0      0      1      0      0      0      0      0      0      0      0      0      0      0      0      0      0      0      0      0      0      0      0      0     
0x100055fcf10            FMNMX.FTZ R4, R5, R4, !PT                              1      1      1      1024   32768  32768  32     32     0      0      -      -      -      0      0      0      0      0      0      0      0      0      -      0      0      0      0      0      0      0      0      0      0      0      0      0      0      0      0      0      0      0      1      0      0      0      0      0      0      0      0      0      0      0      0      0      0      0      0      1      0      0      0     
0x100055fcf20            SHFL.BFLY PT, R3, R4, 0x2, 0x1f                        0      0      0      1024   32768  32768  32     32     0      0      -      -      -      0      0      0      0      0      0      0      0      0      -      0      0      0      0      0      0      0      0      0      0      0      0      0      0      0      0      0      0      0      0      0      0      0      0      0      0      0      0      0      0      0      0      0      0      0      0      0      0      0      0     
0x100055fcf30            FMNMX.FTZ R3, R4, R3, !PT                              1      1      1      1024   32768  32768  32     32     0      0      -      -      -      0      0      0      0      0      0      0      0      0      -      0      0      0      0      0      0      0      0      0      0      0      0      0      0      0      0      0      0      0      1      0      0      0      0      0      0      0      0      0      0      0      0      0      0      0      0      1      0      0      0     
0x100055fcf40            SHFL.BFLY PT, R0, R3, 0x1, 0x1f                        0      0      0      1024   32768  32768  32     32     0      0      -      -      -      0      0      0      0      0      0      0      0      0      -      0      0      0      0      0      0      0      0      0      0      0      0      0      0      0      0      0      0      0      0      0      0      0      0      0      0      0      0      0      0      0      0      0      0      0      0      0      0      0      0     
0x100055fcf50            FMNMX.FTZ R0, R3, R0, !PT                              2      2      2      1024   32768  32768  32     32     0      0      -      -      -      0      0      0      0      0      0      0      0      0      -      0      0      0      0      0      0      0      0      0      0      0      0      0      0      0      0      0      0      0      2      0      0      0      0      0      0      0      0      0      0      0      0      0      0      0      0      2      0      0      0     
0x100055fcf60            FSETP.NEU.FTZ.AND P0, PT, R0, -INF , PT                0      0      0      1024   32768  32768  32     32     0      0      -      -      -      0      0      0      0      0      0      0      0      0      -      0      0      0      0      0      0      0      0      0      0      0      0      0      0      0      0      0      0      0      0      0      0      0      0      0      0      0      0      0      0      0      0      0      0      0      0      0      0      0      0     
0x100055fcf70            FSEL R0, R0, RZ, P0                                    0      0      0      1024   32768  32768  32     32     0      0      -      -      -      0      0      0      0      0      0      0      0      0      -      0      0      0      0      0      0      0      0      0      0      0      0      0      0      0      0      0      0      0      0      0      0      0      0      0      0      0      0      0      0      0      0      0      0      0      0      0      0      0      0     
0x100055fcf80            FADD.FTZ R14, -R0, R10                                 0      0      0      1024   32768  32768  32     32     0      0      -      -      -      0      0      0      0      0      0      0      0      0      -      0      0      0      0      0      0      0      0      0      0      0      0      0      0      0      0      0      0      0      0      0      0      0      0      0      0      0      0      0      0      0      0      0      0      0      0      0      0      0      0     
0x100055fcf90            FADD.FTZ R15, -R0, R13                                 0      0      0      1024   32768  32768  32     32     0      0      -      -      -      0      0      0      0      0      0      0      0      0      -      0      0      0      0      0      0      0      0      0      0      0      0      0      0      0      0      0      0      0      0      0      0      0      0      0      0      0      0      0      0      0      0      0      0      0      0      0      0      0      0     
0x100055fcfa0            MUFU.EX2 R7, R14                                       0      0      0      1024   32768  32768  32     32     0      0      -      -      -      0      0      0      0      0      0      0      0      0      -      0      0      0      0      0      0      0      0      0      0      0      0      0      0      0      0      0      0      0      0      0      0      0      0      0      0      0      0      0      0      0      0      0      0      0      0      0      0      0      0     
0x100055fcfb0            FADD.FTZ R12, -R0, R8                                  0      0      0      1024   32768  32768  32     32     0      0      -      -      -      0      0      0      0      0      0      0      0      0      -      0      0      0      0      0      0      0      0      0      0      0      0      0      0      0      0      0      0      0      0      0      0      0      0      0      0      0      0      0      0      0      0      0      0      0      0      0      0      0      0     
0x100055fcfc0            FADD.FTZ R4, -R0, R11                                  0      0      0      1024   32768  32768  32     32     0      0      -      -      -      0      0      0      0      0      0      0      0      0      -      0      0      0      0      0      0      0      0      0      0      0      0      0      0      0      0      0      0      0      0      0      0      0      0      0      0      0      0      0      0      0      0      0      0      0      0      0      0      0      0     
0x100055fcfd0            MUFU.EX2 R6, R15                                       0      0      0      1024   32768  32768  32     32     0      0      -      -      -      0      0      0      0      0      0      0      0      0      -      0      0      0      0      0      0      0      0      0      0      0      0      0      0      0      0      0      0      0      0      0      0      0      0      0      0      0      0      0      0      0      0      0      0      0      0      0      0      0      0     
0x100055fcfe0            FADD.FTZ R3, -R0, R9                                   0      0      0      1024   32768  32768  32     32     0      0      -      -      -      0      0      0      0      0      0      0      0      0      -      0      0      0      0      0      0      0      0      0      0      0      0      0      0      0      0      0      0      0      0      0      0      0      0      0      0      0      0      0      0      0      0      0      0      0      0      0      0      0      0     
0x100055fcff0            MUFU.EX2 R5, R12                                       0      0      0      1024   32768  32768  32     32     0      0      -      -      -      0      0      0      0      0      0      0      0      0      -      0      0      0      0      0      0      0      0      0      0      0      0      0      0      0      0      0      0      0      0      0      0      0      0      0      0      0      0      0      0      0      0      0      0      0      0      0      0      0      0     
0x100055fd000            FADD.FTZ R7, RZ, R7                                    0      0      0      1024   32768  32768  32     32     0      0      -      -      -      0      0      0      0      0      0      0      0      0      -      0      0      0      0      0      0      0      0      0      0      0      0      0      0      0      0      0      0      0      0      0      0      0      0      0      0      0      0      0      0      0      0      0      0      0      0      0      0      0      0     
0x100055fd010            MUFU.EX2 R4, R4                                        0      0      0      1024   32768  32768  32     32     0      0      -      -      -      0      0      0      0      0      0      0      0      0      -      0      0      0      0      0      0      0      0      0      0      0      0      0      0      0      0      0      0      0      0      0      0      0      0      0      0      0      0      0      0      0      0      0      0      0      0      0      0      0      0     
0x100055fd020            FADD.FTZ R6, R7, R6                                    0      0      0      1024   32768  32768  32     32     0      0      -      -      -      0      0      0      0      0      0      0      0      0      -      0      0      0      0      0      0      0      0      0      0      0      0      0      0      0      0      0      0      0      0      0      0      0      0      0      0      0      0      0      0      0      0      0      0      0      0      0      0      0      0     
0x100055fd030            MUFU.EX2 R3, R3                                        0      0      0      1024   32768  32768  32     32     0      0      -      -      -      0      0      0      0      0      0      0      0      0      -      0      0      0      0      0      0      0      0      0      0      0      0      0      0      0      0      0      0      0      0      0      0      0      0      0      0      0      0      0      0      0      0      0      0      0      0      0      0      0      0     
0x100055fd040            FADD.FTZ R5, R6, R5                                    0      0      0      1024   32768  32768  32     32     0      0      -      -      -      0      0      0      0      0      0      0      0      0      -      0      0      0      0      0      0      0      0      0      0      0      0      0      0      0      0      0      0      0      0      0      0      0      0      0      0      0      0      0      0      0      0      0      0      0      0      0      0      0      0     
0x100055fd050            FADD.FTZ R14, R5, R4                                   0      0      0      1024   32768  32768  32     32     0      0      -      -      -      0      0      0      0      0      0      0      0      0      -      0      0      0      0      0      0      0      0      0      0      0      0      0      0      0      0      0      0      0      0      0      0      0      0      0      0      0      0      0      0      0      0      0      0      0      0      0      0      0      0     
0x100055fd060            FADD.FTZ R14, R14, R3                                  0      0      0      1024   32768  32768  32     32     0      0      -      -      -      0      0      0      0      0      0      0      0      0      -      0      0      0      0      0      0      0      0      0      0      0      0      0      0      0      0      0      0      0      0      0      0      0      0      0      0      0      0      0      0      0      0      0      0      0      0      0      0      0      0     
0x100055fd070            SHFL.BFLY PT, R5, R14, 0x10, 0x1f                      0      0      0      1024   32768  32768  32     32     0      0      -      -      -      0      0      0      0      0      0      0      0      0      -      0      0      0      0      0      0      0      0      0      0      0      0      0      0      0      0      0      0      0      0      0      0      0      0      0      0      0      0      0      0      0      0      0      0      0      0      0      0      0      0     
0x100055fd080            FADD.FTZ R12, R14, R5                                  1      1      1      1024   32768  32768  32     32     0      0      -      -      -      0      0      0      0      0      0      0      0      0      -      0      0      0      0      0      0      0      0      0      0      0      0      0      0      0      0      0      0      0      1      0      0      0      0      0      0      0      0      0      0      0      0      0      0      0      0      1      0      0      0     
0x100055fd090            SHFL.BFLY PT, R5, R12, 0x8, 0x1f                       0      0      0      1024   32768  32768  32     32     0      0      -      -      -      0      0      0      0      0      0      0      0      0      -      0      0      0      0      0      0      0      0      0      0      0      0      0      0      0      0      0      0      0      0      0      0      0      0      0      0      0      0      0      0      0      0      0      0      0      0      0      0      0      0     
0x100055fd0a0            FADD.FTZ R4, R12, R5                                   0      0      0      1024   32768  32768  32     32     0      0      -      -      -      0      0      0      0      0      0      0      0      0      -      0      0      0      0      0      0      0      0      0      0      0      0      0      0      0      0      0      0      0      0      0      0      0      0      0      0      0      0      0      0      0      0      0      0      0      0      0      0      0      0     
0x100055fd0b0            SHFL.BFLY PT, R7, R4, 0x4, 0x1f                        1      1      1      1024   32768  32768  32     32     0      0      -      -      -      0      0      0      0      0      0      0      0      0      -      0      0      0      0      0      0      0      0      0      0      0      0      0      0      0      0      0      0      0      0      0      0      1      0      0      0      0      0      0      0      0      0      0      0      0      0      0      0      0      1     
0x100055fd0c0            FADD.FTZ R7, R4, R7                                    1      1      1      1024   32768  32768  32     32     0      0      -      -      -      0      0      0      0      0      0      0      0      0      -      0      0      0      0      0      0      0      0      0      0      0      0      0      0      0      0      0      0      0      1      0      0      0      0      0      0      0      0      0      0      0      0      0      0      0      0      1      0      0      0     
0x100055fd0d0            SHFL.BFLY PT, R6, R7, 0x2, 0x1f                        0      0      0      1024   32768  32768  32     32     0      0      -      -      -      0      0      0      0      0      0      0      0      0      -      0      0      0      0      0      0      0      0      0      0      0      0      0      0      0      0      0      0      0      0      0      0      0      0      0      0      0      0      0      0      0      0      0      0      0      0      0      0      0      0     
0x100055fd0e0            FADD.FTZ R6, R7, R6                                    1      1      1      1024   32768  32768  32     32     0      0      -      -      -      0      0      0      0      0      0      0      0      0      -      0      0      0      0      0      0      0      0      0      0      0      0      0      0      0      0      0      0      0      1      0      0      0      0      0      0      0      0      0      0      0      0      0      0      0      0      1      0      0      0     
0x100055fd0f0            SHFL.BFLY PT, R5, R6, 0x1, 0x1f                        0      0      0      1024   32768  32768  32     32     0      0      -      -      -      0      0      0      0      0      0      0      0      0      -      0      0      0      0      0      0      0      0      0      0      0      0      0      0      0      0      0      0      0      0      0      0      0      0      0      0      0      0      0      0      0      0      0      0      0      0      0      0      0      0     
0x100055fd100            S2R R3, SR_CgaCtaId                                    0      0      0      1024   32768  32768  32     32     0      0      -      -      -      0      0      0      0      0      0      0      0      0      -      0      0      0      0      0      0      0      0      0      0      0      0      0      0      0      0      0      0      0      0      0      0      0      0      0      0      0      0      0      0      0      0      0      0      0      0      0      0      0      0     
0x100055fd110            FADD.FTZ R5, R6, R5                                    0      0      0      1024   32768  32768  32     32     0      0      -      -      -      0      0      0      0      0      0      0      0      0      -      0      0      0      0      0      0      0      0      0      0      0      0      0      0      0      0      0      0      0      0      0      0      0      0      0      0      0      0      0      0      0      0      0      0      0      0      0      0      0      0     
0x100055fd120            LOP3.LUT P1, RZ, R5, 0x7fffffff, RZ, 0xc0, !PT         1      1      1      1024   32768  32768  32     32     0      0      -      -      -      0      0      0      0      0      0      0      0      0      -      0      0      0      0      0      0      0      0      0      0      0      0      0      0      0      0      0      0      0      0      0      0      1      0      0      0      0      0      0      0      0      0      0      0      0      0      0      0      0      1     
0x100055fd130            ISETP.EQ.U32.OR P1, PT, R5, -0x800000, !P1             0      0      0      1024   32768  32768  32     32     0      0      -      -      -      0      0      0      0      0      0      0      0      0      -      0      0      0      0      0      0      0      0      0      0      0      0      0      0      0      0      0      0      0      0      0      0      0      0      0      0      0      0      0      0      0      0      0      0      0      0      0      0      0      0     
0x100055fd140            ISETP.NE.U32.AND P0, PT, R17, RZ, PT                   0      0      0      1024   32768  32768  32     32     0      0      -      -      -      0      0      0      0      0      0      0      0      0      -      0      0      0      0      0      0      0      0      0      0      0      0      0      0      0      0      0      0      0      0      0      0      0      0      0      0      0      0      0      0      0      0      0      0      0      0      0      0      0      0     
0x100055fd150      @!P1  MUFU.LG2 R5, R5                                        0      0      0      1024   32768  32768  32     32     0      0      -      -      -      0      0      0      0      0      0      0      0      0      -      0      0      0      0      0      0      0      0      0      0      0      0      0      0      0      0      0      0      0      0      0      0      0      0      0      0      0      0      0      0      0      0      0      0      0      0      0      0      0      0     
0x100055fd160            BSSY.RECONVERGENT B0, 0x100055fd260                    0      0      0      1024   32768  32768  32     32     0      0      -      -      -      0      0      0      0      0      0      0      0      0      -      0      0      0      0      0      0      0      0      0      0      0      0      0      0      0      0      0      0      0      0      0      0      0      0      0      0      0      0      0      0      0      0      0      0      0      0      0      0      0      0     
0x100055fd170            IMAD.MOV.U32 R4, RZ, RZ, 0x7f800000                    0      0      0      1024   32768  32768  32     32     0      0      -      -      -      0      0      0      0      0      0      0      0      0      -      0      0      0      0      0      0      0      0      0      0      0      0      0      0      0      0      0      0      0      0      0      0      0      0      0      0      0      0      0      0      0      0      0      0      0      0      0      0      0      0     
0x100055fd180      @!P1  FADD.FTZ R4, R0, R5                                    0      0      0      1024   32768  32768  32     32     0      0      -      -      -      0      0      0      0      0      0      0      0      0      -      0      0      0      0      0      0      0      0      0      0      0      0      0      0      0      0      0      0      0      0      0      0      0      0      0      0      0      0      0      0      0      0      0      0      0      0      0      0      0      0     
0x100055fd190      @P0   BRA 0x100055fd250                                      0      0      0      1024   32768  31744  32     31     1      1024   -      -      -      0      0      0      0      0      0      0      0      0      -      0      0      0      0      0      0      0      0      0      0      0      0      0      0      0      0      0      0      0      0      0      0      0      0      0      0      0      0      0      0      0      0      0      0      0      0      0      0      0      0     
0x100055fd1a0            LDCU UR4, c[0x0][0x3a0]                                0      0      0      1024   1024   1024   1      1      31     0      -      -      -      0      0      0      0      0      0      0      0      0      -      0      0      0      0      0      0      0      0      0      0      0      0      0      0      0      0      0      0      0      0      0      0      0      0      0      0      0      0      0      0      0      0      0      0      0      0      0      0      0      0     
0x100055fd1b0            FMUL.FTZ R0, R4, 0.69314718246459960938                0      0      0      1024   1024   1024   1      1      31     0      -      -      -      0      0      0      0      0      0      0      0      0      -      0      0      0      0      0      0      0      0      0      0      0      0      0      0      0      0      0      0      0      0      0      0      0      0      0      0      0      0      0      0      0      0      0      0      0      0      0      0      0      0     
0x100055fd1c0            LDCU UR6, c[0x0][0x3a4]                                0      0      0      1024   1024   1024   1      1      31     0      -      -      -      0      0      0      0      0      0      0      0      0      -      0      0      0      0      0      0      0      0      0      0      0      0      0      0      0      0      0      0      0      0      0      0      0      0      0      0      0      0      0      0      0      0      0      0      0      0      0      0      0      0     
0x100055fd1d0            IMAD R5, R36, UR4, RZ                                  2      2      2      1024   1024   1024   1      1      31     0      -      -      -      0      0      0      0      0      0      0      0      0      -      0      0      0      0      0      0      0      0      0      0      0      0      0      0      0      0      0      0      0      2      0      0      0      0      0      0      0      0      0      0      0      0      0      0      0      0      2      0      0      0     
0x100055fd1e0            LDCU.64 UR4, c[0x0][0x390]                             0      0      0      1024   1024   1024   1      1      31     0      -      -      -      0      0      0      0      0      0      0      0      0      -      0      0      0      0      0      0      0      0      0      0      0      0      0      0      0      0      0      0      0      0      0      0      0      0      0      0      0      0      0      0      0      0      0      0      0      0      0      0      0      0     
0x100055fd1f0            IADD3 R6, P0, PT, R38, R5, RZ                          0      0      0      1024   1024   1024   1      1      31     0      -      -      -      0      0      0      0      0      0      0      0      0      -      0      0      0      0      0      0      0      0      0      0      0      0      0      0      0      0      0      0      0      0      0      0      0      0      0      0      0      0      0      0      0      0      0      0      0      0      0      0      0      0     
0x100055fd200            LEA.HI.X.SX32 R7, R5, RZ, 0x1, P0                      0      0      0      1024   1024   1024   1      1      31     0      -      -      -      0      0      0      0      0      0      0      0      0      -      0      0      0      0      0      0      0      0      0      0      0      0      0      0      0      0      0      0      0      0      0      0      0      0      0      0      0      0      0      0      0      0      0      0      0      0      0      0      0      0     
0x100055fd210            IMAD.WIDE R14, R19, UR6, R6                            0      0      0      1024   1024   1024   1      1      31     0      -      -      -      0      0      0      0      0      0      0      0      0      -      0      0      0      0      0      0      0      0      0      0      0      0      0      0      0      0      0      0      0      0      0      0      0      0      0      0      0      0      0      0      0      0      0      0      0      0      0      0      0      0     
0x100055fd220            LEA R6, P0, R14, UR4, 0x2                              0      0      0      1024   1024   1024   1      1      31     0      -      -      -      0      0      0      0      0      0      0      0      0      -      0      0      0      0      0      0      0      0      0      0      0      0      0      0      0      0      0      0      0      0      0      0      0      0      0      0      0      0      0      0      0      0      0      0      0      0      0      0      0      0     
0x100055fd230            LEA.HI.X R7, R14, UR5, R15, 0x2, P0                    0      0      0      1024   1024   1024   1      1      31     0      -      -      -      0      0      0      0      0      0      0      0      0      -      0      0      0      0      0      0      0      0      0      0      0      0      0      0      0      0      0      0      0      0      0      0      0      0      0      0      0      0      0      0      0      0      0      0      0      0      0      0      0      0     
0x100055fd240            STG.E desc[UR38][R6.64], R0                            0      0      0      1024   1024   1024   1      1      31     0      Global Store  32     1024   0      0      0      0      0      1024   1024   0             0      0      0      0      0      0      0      0      0      0      0      0      0      0      0      0      0      0      0      0      0      0      0      0      0      0      0      0      0      0      0      0      0      0      0      0      0      0      0      0     
0x100055fd250            BSYNC.RECONVERGENT B0                                  2      1      2      2048   32768  32768  16     16     16     0      -      -      -      0      0      0      0      0      0      0      0      0      -      0      0      0      0      0      0      0      1      0      0      0      0      0      0      0      0      0      0      1      0      0      0      0      0      1      0      0      0      0      0      0      0      0      0      0      0      0      0      0      0     
0x100055fd260            LDCU.64 UR4, c[0x0][0x3f8]                             1      1      1      1024   32768  32768  32     32     0      0      -      -      -      0      0      0      0      0      0      0      0      0      -      0      0      0      0      0      0      0      1      0      0      0      0      0      0      0      0      0      0      0      0      0      0      0      0      1      0      0      0      0      0      0      0      0      0      0      0      0      0      0      0     
0x100055fd270            UISETP.NE.U32.AND UP0, UPT, UR4, URZ, UPT              0      0      0      1024   32768  32768  32     32     0      0      -      -      -      0      0      0      0      0      0      0      0      0      -      0      0      0      0      0      0      0      0      0      0      0      0      0      0      0      0      0      0      0      0      0      0      0      0      0      0      0      0      0      0      0      0      0      0      0      0      0      0      0      0     
0x100055fd280            UISETP.NE.U32.AND.EX UP0, UPT, UR5, URZ, UPT, UP0      0      0      0      1024   32768  32768  32     32     0      0      -      -      -      0      0      0      0      0      0      0      0      0      -      0      0      0      0      0      0      0      0      0      0      0      0      0      0      0      0      0      0      0      0      0      0      0      0      0      0      0      0      0      0      0      0      0      0      0      0      0      0      0      0     
0x100055fd290            BRA.U !UP0, 0x100055fd360                              1      1      1      1024   32768  32768  32     32     0      0      -      -      -      0      0      0      0      0      0      0      0      0      -      0      0      0      0      0      0      0      0      0      0      0      0      0      0      0      0      0      0      0      0      0      0      1      0      0      0      0      0      0      0      0      0      0      0      0      0      0      0      0      1     
0x100055fd2a0            LDC.64 R6, c[0x0][0x3f8]                               0      0      0      0      0      0      0      0      32     0      -      -      -      0      0      0      0      0      0      0      0      0      -      0      0      0      0      0      0      0      0      0      0      0      0      0      0      0      0      0      0      0      0      0      0      0      0      0      0      0      0      0      0      0      0      0      0      0      0      0      0      0      0     
0x100055fd2b0            IMAD.WIDE.U32 R14, R38, 0x4, R6                        0      0      0      0      0      0      0      0      32     0      -      -      -      0      0      0      0      0      0      0      0      0      -      0      0      0      0      0      0      0      0      0      0      0      0      0      0      0      0      0      0      0      0      0      0      0      0      0      0      0      0      0      0      0      0      0      0      0      0      0      0      0      0     
0x100055fd2c0            LDG.E.CONSTANT R7, desc[UR38][R14.64]                  0      0      0      0      0      0      0      0      32     0                           0      0      0      0      0      0      0      0      0             0      0      0      0      0      0      0      0      0      0      0      0      0      0      0      0      0      0      0      0      0      0      0      0      0      0      0      0      0      0      0      0      0      0      0      0      0      0      0      0     
0x100055fd2d0            FSETP.NEU.FTZ.AND P1, PT, R4, +INF , PT                0      0      0      0      0      0      0      0      32     0      -      -      -      0      0      0      0      0      0      0      0      0      -      0      0      0      0      0      0      0      0      0      0      0      0      0      0      0      0      0      0      0      0      0      0      0      0      0      0      0      0      0      0      0      0      0      0      0      0      0      0      0      0     
0x100055fd2e0      @P1   FFMA.FTZ R6, R7, 1.4426950216293334961, -R4            0      0      0      0      0      0      0      0      32     0      -      -      -      0      0      0      0      0      0      0      0      0      -      0      0      0      0      0      0      0      0      0      0      0      0      0      0      0      0      0      0      0      0      0      0      0      0      0      0      0      0      0      0      0      0      0      0      0      0      0      0      0      0     
0x100055fd2f0      @!P1  FMUL.FTZ R0, R7, 1.4426950216293334961                 0      0      0      0      0      0      0      0      32     0      -      -      -      0      0      0      0      0      0      0      0      0      -      0      0      0      0      0      0      0      0      0      0      0      0      0      0      0      0      0      0      0      0      0      0      0      0      0      0      0      0      0      0      0      0      0      0      0      0      0      0      0      0     
0x100055fd300      @!P1  FSETP.NEU.FTZ.AND P0, PT, R7, -INF , PT                0      0      0      0      0      0      0      0      32     0      -      -      -      0      0      0      0      0      0      0      0      0      -      0      0      0      0      0      0      0      0      0      0      0      0      0      0      0      0      0      0      0      0      0      0      0      0      0      0      0      0      0      0      0      0      0      0      0      0      0      0      0      0     
0x100055fd310      @P1   MUFU.EX2 R5, R6                                        0      0      0      0      0      0      0      0      32     0      -      -      -      0      0      0      0      0      0      0      0      0      -      0      0      0      0      0      0      0      0      0      0      0      0      0      0      0      0      0      0      0      0      0      0      0      0      0      0      0      0      0      0      0      0      0      0      0      0      0      0      0      0     
0x100055fd320      @P1   FADD.FTZ R5, R5, 1                                     0      0      0      0      0      0      0      0      32     0      -      -      -      0      0      0      0      0      0      0      0      0      -      0      0      0      0      0      0      0      0      0      0      0      0      0      0      0      0      0      0      0      0      0      0      0      0      0      0      0      0      0      0      0      0      0      0      0      0      0      0      0      0     
0x100055fd330      @P1   MUFU.LG2 R5, R5                                        0      0      0      0      0      0      0      0      32     0      -      -      -      0      0      0      0      0      0      0      0      0      -      0      0      0      0      0      0      0      0      0      0      0      0      0      0      0      0      0      0      0      0      0      0      0      0      0      0      0      0      0      0      0      0      0      0      0      0      0      0      0      0     
0x100055fd340      @P1   FADD.FTZ R4, R4, R5                                    0      0      0      0      0      0      0      0      32     0      -      -      -      0      0      0      0      0      0      0      0      0      -      0      0      0      0      0      0      0      0      0      0      0      0      0      0      0      0      0      0      0      0      0      0      0      0      0      0      0      0      0      0      0      0      0      0      0      0      0      0      0      0     
0x100055fd350      @!P1  FSEL R4, R0, +INF , P0                                 0      0      0      0      0      0      0      0      32     0      -      -      -      0      0      0      0      0      0      0      0      0      -      0      0      0      0      0      0      0      0      0      0      0      0      0      0      0      0      0      0      0      0      0      0      0      0      0      0      0      0      0      0      0      0      0      0      0      0      0      0      0      0     
0x100055fd360            FADD.FTZ R0, -R4, R10                                  0      0      0      1024   32768  32768  32     32     0      0      -      -      -      0      0      0      0      0      0      0      0      0      -      0      0      0      0      0      0      0      0      0      0      0      0      0      0      0      0      0      0      0      0      0      0      0      0      0      0      0      0      0      0      0      0      0      0      0      0      0      0      0      0     
0x100055fd370            FADD.FTZ R5, -R4, R13                                  0      0      0      1024   32768  32768  32     32     0      0      -      -      -      0      0      0      0      0      0      0      0      0      -      0      0      0      0      0      0      0      0      0      0      0      0      0      0      0      0      0      0      0      0      0      0      0      0      0      0      0      0      0      0      0      0      0      0      0      0      0      0      0      0     
0x100055fd380            FADD.FTZ R6, -R4, R8                                   1      0      1      1024   32768  32768  32     32     0      0      -      -      -      0      0      0      0      0      0      0      0      0      -      0      0      0      0      0      0      0      0      0      0      0      0      0      0      0      0      1      0      0      0      0      0      0      0      0      0      0      0      0      0      0      0      0      0      0      0      0      0      0      0     
0x100055fd390            FADD.FTZ R7, -R4, R11                                  0      0      0      1024   32768  32768  32     32     0      0      -      -      -      0      0      0      0      0      0      0      0      0      -      0      0      0      0      0      0      0      0      0      0      0      0      0      0      0      0      0      0      0      0      0      0      0      0      0      0      0      0      0      0      0      0      0      0      0      0      0      0      0      0     
0x100055fd3a0            FADD.FTZ R4, -R4, R9                                   0      0      0      1024   32768  32768  32     32     0      0      -      -      -      0      0      0      0      0      0      0      0      0      -      0      0      0      0      0      0      0      0      0      0      0      0      0      0      0      0      0      0      0      0      0      0      0      0      0      0      0      0      0      0      0      0      0      0      0      0      0      0      0      0     
0x100055fd3b0            MOV R8, 0x400                                          0      0      0      1024   32768  32768  32     32     0      0      -      -      -      0      0      0      0      0      0      0      0      0      -      0      0      0      0      0      0      0      0      0      0      0      0      0      0      0      0      0      0      0      0      0      0      0      0      0      0      0      0      0      0      0      0      0      0      0      0      0      0      0      0     
0x100055fd3c0            MUFU.EX2 R0, R0                                        0      0      0      1024   32768  32768  32     32     0      0      -      -      -      0      0      0      0      0      0      0      0      0      -      0      0      0      0      0      0      0      0      0      0      0      0      0      0      0      0      0      0      0      0      0      0      0      0      0      0      0      0      0      0      0      0      0      0      0      0      0      0      0      0     
0x100055fd3d0            ISETP.GE.AND P0, PT, R2, 0x1, PT                       0      0      0      1024   32768  32768  32     32     0      0      -      -      -      0      0      0      0      0      0      0      0      0      -      0      0      0      0      0      0      0      0      0      0      0      0      0      0      0      0      0      0      0      0      0      0      0      0      0      0      0      0      0      0      0      0      0      0      0      0      0      0      0      0     
0x100055fd3e0            CS2R R14, SRZ                                          1      1      1      1024   32768  32768  32     32     0      0      -      -      -      0      0      0      0      0      0      0      0      0      -      0      0      0      0      0      0      0      0      0      0      0      0      1      0      0      0      0      0      0      0      0      0      0      0      0      0      0      0      0      1      0      0      0      0      0      0      0      0      0      0     
0x100055fd3f0            LEA R3, R3, R8, 0x18                                   0      0      0      1024   32768  32768  32     32     0      0      -      -      -      0      0      0      0      0      0      0      0      0      -      0      0      0      0      0      0      0      0      0      0      0      0      0      0      0      0      0      0      0      0      0      0      0      0      0      0      0      0      0      0      0      0      0      0      0      0      0      0      0      0     
0x100055fd400            CS2R R12, SRZ                                          1      0      1      1024   32768  32768  32     32     0      0      -      -      -      0      0      0      0      0      0      0      0      0      -      0      0      0      0      0      0      0      0      0      0      0      0      0      0      0      0      0      1      0      0      0      0      0      0      0      0      0      0      0      0      0      0      0      0      0      0      0      0      0      0     
0x100055fd410            CS2R R10, SRZ                                          0      0      0      1024   32768  32768  32     32     0      0      -      -      -      0      0      0      0      0      0      0      0      0      -      0      0      0      0      0      0      0      0      0      0      0      0      0      0      0      0      0      0      0      0      0      0      0      0      0      0      0      0      0      0      0      0      0      0      0      0      0      0      0      0     
0x100055fd420            CS2R R8, SRZ                                           0      0      0      1024   32768  32768  32     32     0      0      -      -      -      0      0      0      0      0      0      0      0      0      -      0      0      0      0      0      0      0      0      0      0      0      0      0      0      0      0      0      0      0      0      0      0      0      0      0      0      0      0      0      0      0      0      0      0      0      0      0      0      0      0     
0x100055fd430            MUFU.EX2 R5, R5                                        0      0      0      1024   32768  32768  32     32     0      0      -      -      -      0      0      0      0      0      0      0      0      0      -      0      0      0      0      0      0      0      0      0      0      0      0      0      0      0      0      0      0      0      0      0      0      0      0      0      0      0      0      0      0      0      0      0      0      0      0      0      0      0      0     
0x100055fd440            IMAD R18, R18, 0x280, R3                               0      0      0      1024   32768  32768  32     32     0      0      -      -      -      0      0      0      0      0      0      0      0      0      -      0      0      0      0      0      0      0      0      0      0      0      0      0      0      0      0      0      0      0      0      0      0      0      0      0      0      0      0      0      0      0      0      0      0      0      0      0      0      0      0     
0x100055fd450            IMAD R3, R17, 0x4, R18                                 0      0      0      1024   32768  32768  32     32     0      0      -      -      -      0      0      0      0      0      0      0      0      0      -      0      0      0      0      0      0      0      0      0      0      0      0      0      0      0      0      0      0      0      0      0      0      0      0      0      0      0      0      0      0      0      0      0      0      0      0      0      0      0      0     
0x100055fd460            IMAD.MOV.U32 R17, RZ, RZ, RZ                           0      0      0      1024   32768  32768  32     32     0      0      -      -      -      0      0      0      0      0      0      0      0      0      -      0      0      0      0      0      0      0      0      0      0      0      0      0      0      0      0      0      0      0      0      0      0      0      0      0      0      0      0      0      0      0      0      0      0      0      0      0      0      0      0     
0x100055fd470            MUFU.EX2 R6, R6                                        0      0      0      1024   32768  32768  32     32     0      0      -      -      -      0      0      0      0      0      0      0      0      0      -      0      0      0      0      0      0      0      0      0      0      0      0      0      0      0      0      0      0      0      0      0      0      0      0      0      0      0      0      0      0      0      0      0      0      0      0      0      0      0      0     
0x100055fd480            STS [R3], R0                                           0      0      0      1024   32768  32768  32     32     0      0      Shared Store  32     0      1      0      1024   1024   0      0      0      0      -      0      0      0      0      0      0      0      0      0      0      0      0      0      0      0      0      0      0      0      0      0      0      0      0      0      0      0      0      0      0      0      0      0      0      0      0      0      0      0      0     
0x100055fd490            MUFU.EX2 R7, R7                                        1      1      1      1024   32768  32768  32     32     0      0      -      -      -      0      0      0      0      0      0      0      0      0      -      0      0      0      0      0      0      0      0      0      0      0      0      0      0      1      0      0      0      0      0      0      0      0      0      0      0      0      0      0      0      0      1      0      0      0      0      0      0      0      0     
0x100055fd4a0            STS [R3+0x80], R5                                      0      0      0      1024   32768  32768  32     32     0      0      Shared Store  32     0      1      0      1024   1024   0      0      0      0      -      0      0      0      0      0      0      0      0      0      0      0      0      0      0      0      0      0      0      0      0      0      0      0      0      0      0      0      0      0      0      0      0      0      0      0      0      0      0      0      0     
0x100055fd4b0            MUFU.EX2 R4, R4                                        1      1      1      1024   32768  32768  32     32     0      0      -      -      -      0      0      0      0      0      0      0      0      0      -      0      0      0      0      0      0      0      0      0      0      0      0      0      0      1      0      0      0      0      0      0      0      0      0      0      0      0      0      0      0      0      1      0      0      0      0      0      0      0      0     
0x100055fd4c0            STS [R3+0x100], R6                                     0      0      0      1024   32768  32768  32     32     0      0      Shared Store  32     0      1      0      1024   1024   0      0      0      0      -      0      0      0      0      0      0      0      0      0      0      0      0      0      0      0      0      0      0      0      0      0      0      0      0      0      0      0      0      0      0      0      0      0      0      0      0      0      0      0      0     
0x100055fd4d0            STS [R3+0x180], R7                                     0      0      0      1024   32768  32768  32     32     0      0      Shared Store  32     0      1      0      1024   1024   0      0      0      0      -      0      0      0      0      0      0      0      0      0      0      0      0      0      0      0      0      0      0      0      0      0      0      0      0      0      0      0      0      0      0      0      0      0      0      0      0      0      0      0      0     
0x100055fd4e0            IMAD.MOV.U32 R0, RZ, RZ, RZ                            0      0      0      1024   32768  32768  32     32     0      0      -      -      -      0      0      0      0      0      0      0      0      0      -      0      0      0      0      0      0      0      0      0      0      0      0      0      0      0      0      0      0      0      0      0      0      0      0      0      0      0      0      0      0      0      0      0      0      0      0      0      0      0      0     
0x100055fd4f0            STS [R3+0x200], R4                                     0      0      0      1024   32768  32768  32     32     0      0      Shared Store  32     0      1      0      1024   1024   0      0      0      0      -      0      0      0      0      0      0      0      0      0      0      0      0      0      0      0      0      0      0      0      0      0      0      0      0      0      0      0      0      0      0      0      0      0      0      0      0      0      0      0      0     
0x100055fd500            CS2R R6, SRZ                                           0      0      0      1024   32768  32768  32     32     0      0      -      -      -      0      0      0      0      0      0      0      0      0      -      0      0      0      0      0      0      0      0      0      0      0      0      0      0      0      0      0      0      0      0      0      0      0      0      0      0      0      0      0      0      0      0      0      0      0      0      0      0      0      0     
0x100055fd510            CS2R R4, SRZ                                           1      1      1      1024   32768  32768  32     32     0      0      -      -      -      0      0      0      0      0      0      0      0      0      -      0      0      0      0      0      0      0      0      0      0      0      0      0      0      0      0      0      0      0      1      0      0      0      0      0      0      0      0      0      0      0      0      0      0      0      0      1      0      0      0     
0x100055fd520            CS2R R2, SRZ                                           0      0      0      1024   32768  32768  32     32     0      0      -      -      -      0      0      0      0      0      0      0      0      0      -      0      0      0      0      0      0      0      0      0      0      0      0      0      0      0      0      0      0      0      0      0      0      0      0      0      0      0      0      0      0      0      0      0      0      0      0      0      0      0      0     
0x100055fd530            NOP                                                    0      0      0      1024   32768  32768  32     32     0      0      -      -      -      0      0      0      0      0      0      0      0      0      -      0      0      0      0      0      0      0      0      0      0      0      0      0      0      0      0      0      0      0      0      0      0      0      0      0      0      0      0      0      0      0      0      0      0      0      0      0      0      0      0     
0x100055fd540      @!P0  BRA 0x100055fd7a0                                      0      0      0      1024   32768  0      32     0      32     0      -      -      -      0      0      0      0      0      0      0      0      0      -      0      0      0      0      0      0      0      0      0      0      0      0      0      0      0      0      0      0      0      0      0      0      0      0      0      0      0      0      0      0      0      0      0      0      0      0      0      0      0      0     
0x100055fd550            LDC R39, c[0x0][0x3d0]                                 0      0      0      1024   32768  32768  32     32     0      0      -      -      -      0      0      0      0      0      0      0      0      0      -      0      0      0      0      0      0      0      0      0      0      0      0      0      0      0      0      0      0      0      0      0      0      0      0      0      0      0      0      0      0      0      0      0      0      0      0      0      0      0      0     
0x100055fd560            LDCU UR4, c[0x0][0x3d0]                                0      0      0      1024   32768  32768  32     32     0      0      -      -      -      0      0      0      0      0      0      0      0      0      -      0      0      0      0      0      0      0      0      0      0      0      0      0      0      0      0      0      0      0      0      0      0      0      0      0      0      0      0      0      0      0      0      0      0      0      0      0      0      0      0     
0x100055fd570            HFMA2 R14, -RZ, RZ, 0, 0                               0      0      0      1024   32768  32768  32     32     0      0      -      -      -      0      0      0      0      0      0      0      0      0      -      0      0      0      0      0      0      0      0      0      0      0      0      0      0      0      0      0      0      0      0      0      0      0      0      0      0      0      0      0      0      0      0      0      0      0      0      0      0      0      0     
0x100055fd580            IADD3 R37, PT, PT, R37, -R16, RZ                       0      0      0      1024   32768  32768  32     32     0      0      -      -      -      0      0      0      0      0      0      0      0      0      -      0      0      0      0      0      0      0      0      0      0      0      0      0      0      0      0      0      0      0      0      0      0      0      0      0      0      0      0      0      0      0      0      0      0      0      0      0      0      0      0     
0x100055fd590            MOV R43, UR4                                           0      0      0      1024   32768  32768  32     32     0      0      -      -      -      0      0      0      0      0      0      0      0      0      -      0      0      0      0      0      0      0      0      0      0      0      0      0      0      0      0      0      0      0      0      0      0      0      0      0      0      0      0      0      0      0      0      0      0      0      0      0      0      0      0     
0x100055fd5a0            LDS R16, [R18]                                         1      1      1      8192   262144 262144 32     32     0      0      Shared Load   32     0      1      0      8192   8192   0      0      0      0      -      0      0      0      0      0      0      0      0      0      0      0      0      0      0      0      0      1      0      0      0      0      0      0      0      0      0      0      0      0      0      0      0      0      1      0      0      0      0      0      0     
0x100055fd5b0            ISETP.NE.U32.AND P0, PT, R37, -0x1, PT                 0      0      0      8192   262144 262144 32     32     0      0      -      -      -      0      0      0      0      0      0      0      0      0      -      0      0      0      0      0      0      0      0      0      0      0      0      0      0      0      0      0      0      0      0      0      0      0      0      0      0      0      0      0      0      0      0      0      0      0      0      0      0      0      0     
0x100055fd5c0            IADD3 R37, PT, PT, R37, 0x1, RZ                        0      0      0      8192   262144 262144 32     32     0      0      -      -      -      0      0      0      0      0      0      0      0      0      -      0      0      0      0      0      0      0      0      0      0      0      0      0      0      0      0      0      0      0      0      0      0      0      0      0      0      0      0      0      0      0      0      0      0      0      0      0      0      0      0     
0x100055fd5d0      @P0   IMAD.WIDE R44, R43, 0x4, R40                           2      1      2      8192   262144 229376 32     28     4      0      -      -      -      0      0      0      0      0      0      0      0      0      -      0      0      0      0      0      0      0      0      0      0      0      0      0      0      0      0      0      0      1      0      0      0      1      0      0      0      0      0      0      0      0      0      0      0      0      0      0      0      0      1     
0x100055fd5e0            IADD3 R18, PT, PT, R18, 0x4, RZ                        1      0      1      8192   262144 262144 32     32     0      0      -      -      -      0      0      0      0      0      0      0      0      0      -      0      0      0      0      0      0      0      0      0      0      0      0      0      0      0      0      0      0      1      0      0      0      0      0      0      0      0      0      0      0      0      0      0      0      0      0      0      0      0      0     
0x100055fd5f0            FFMA.FTZ R3, R16, R20, R3                              239    234    239    8192   262144 262144 32     32     0      0      -      -      -      0      0      0      0      0      0      0      0      0      -      0      0      0      0      0      0      0      0      0      0      0      239    0      0      0      0      0      0      0      0      0      0      0      0      0      0      0      0      234    0      0      0      0      0      0      0      0      0      0      0     
0x100055fd600            FFMA.FTZ R0, R16, R21, R0                              0      0      0      8192   262144 262144 32     32     0      0      -      -      -      0      0      0      0      0      0      0      0      0      -      0      0      0      0      0      0      0      0      0      0      0      0      0      0      0      0      0      0      0      0      0      0      0      0      0      0      0      0      0      0      0      0      0      0      0      0      0      0      0      0     
0x100055fd610            FFMA.FTZ R5, R16, R22, R5                              0      0      0      8192   262144 262144 32     32     0      0      -      -      -      0      0      0      0      0      0      0      0      0      -      0      0      0      0      0      0      0      0      0      0      0      0      0      0      0      0      0      0      0      0      0      0      0      0      0      0      0      0      0      0      0      0      0      0      0      0      0      0      0      0     
0x100055fd620            FFMA.FTZ R2, R16, R23, R2                              0      0      0      8192   262144 262144 32     32     0      0      -      -      -      0      0      0      0      0      0      0      0      0      -      0      0      0      0      0      0      0      0      0      0      0      0      0      0      0      0      0      0      0      0      0      0      0      0      0      0      0      0      0      0      0      0      0      0      0      0      0      0      0      0     
0x100055fd630            FFMA.FTZ R7, R16, R24, R7                              1      0      1      8192   262144 262144 32     32     0      0      -      -      -      0      0      0      0      0      0      0      0      0      -      0      0      0      0      0      0      0      0      0      0      0      0      0      0      0      0      0      0      1      0      0      0      0      0      0      0      0      0      0      0      0      0      0      0      0      0      0      0      0      0     
0x100055fd640      @P0   LDG.E.128 R20, desc[UR38][R44.64]                      0      0      0      8192   262144 229376 32     28     4      0      Global Load   128    28672  0      0      0      0      0      114688 114688 0             0      0      0      0      0      0      0      0      0      0      0      0      0      0      0      0      0      0      0      0      0      0      0      0      0      0      0      0      0      0      0      0      0      0      0      0      0      0      0      0     
0x100055fd650            FFMA.FTZ R4, R16, R25, R4                              0      0      0      8192   262144 262144 32     32     0      0      -      -      -      0      0      0      0      0      0      0      0      0      -      0      0      0      0      0      0      0      0      0      0      0      0      0      0      0      0      0      0      0      0      0      0      0      0      0      0      0      0      0      0      0      0      0      0      0      0      0      0      0      0     
0x100055fd660            FFMA.FTZ R9, R16, R26, R9                              0      0      0      8192   262144 262144 32     32     0      0      -      -      -      0      0      0      0      0      0      0      0      0      -      0      0      0      0      0      0      0      0      0      0      0      0      0      0      0      0      0      0      0      0      0      0      0      0      0      0      0      0      0      0      0      0      0      0      0      0      0      0      0      0     
0x100055fd670            FFMA.FTZ R6, R16, R27, R6                              0      0      0      8192   262144 262144 32     32     0      0      -      -      -      0      0      0      0      0      0      0      0      0      -      0      0      0      0      0      0      0      0      0      0      0      0      0      0      0      0      0      0      0      0      0      0      0      0      0      0      0      0      0      0      0      0      0      0      0      0      0      0      0      0     
0x100055fd680            FFMA.FTZ R11, R16, R28, R11                            0      0      0      8192   262144 262144 32     32     0      0      -      -      -      0      0      0      0      0      0      0      0      0      -      0      0      0      0      0      0      0      0      0      0      0      0      0      0      0      0      0      0      0      0      0      0      0      0      0      0      0      0      0      0      0      0      0      0      0      0      0      0      0      0     
0x100055fd690            FFMA.FTZ R8, R16, R29, R8                              0      0      0      8192   262144 262144 32     32     0      0      -      -      -      0      0      0      0      0      0      0      0      0      -      0      0      0      0      0      0      0      0      0      0      0      0      0      0      0      0      0      0      0      0      0      0      0      0      0      0      0      0      0      0      0      0      0      0      0      0      0      0      0      0     
0x100055fd6a0            FFMA.FTZ R13, R16, R30, R13                            0      0      0      8192   262144 262144 32     32     0      0      -      -      -      0      0      0      0      0      0      0      0      0      -      0      0      0      0      0      0      0      0      0      0      0      0      0      0      0      0      0      0      0      0      0      0      0      0      0      0      0      0      0      0      0      0      0      0      0      0      0      0      0      0     
0x100055fd6b0            FFMA.FTZ R10, R16, R31, R10                            0      0      0      8192   262144 262144 32     32     0      0      -      -      -      0      0      0      0      0      0      0      0      0      -      0      0      0      0      0      0      0      0      0      0      0      0      0      0      0      0      0      0      0      0      0      0      0      0      0      0      0      0      0      0      0      0      0      0      0      0      0      0      0      0     
0x100055fd6c0            FFMA.FTZ R15, R16, R32, R15                            0      0      0      8192   262144 262144 32     32     0      0      -      -      -      0      0      0      0      0      0      0      0      0      -      0      0      0      0      0      0      0      0      0      0      0      0      0      0      0      0      0      0      0      0      0      0      0      0      0      0      0      0      0      0      0      0      0      0      0      0      0      0      0      0     
0x100055fd6d0            FFMA.FTZ R12, R16, R33, R12                            1      0      1      8192   262144 262144 32     32     0      0      -      -      -      0      0      0      0      0      0      0      0      0      -      0      0      0      0      0      0      0      0      0      0      0      0      0      0      0      0      0      0      1      0      0      0      0      0      0      0      0      0      0      0      0      0      0      0      0      0      0      0      0      0     
0x100055fd6e0            FFMA.FTZ R17, R16, R34, R17                            0      0      0      8192   262144 262144 32     32     0      0      -      -      -      0      0      0      0      0      0      0      0      0      -      0      0      0      0      0      0      0      0      0      0      0      0      0      0      0      0      0      0      0      0      0      0      0      0      0      0      0      0      0      0      0      0      0      0      0      0      0      0      0      0     
0x100055fd6f0            FFMA.FTZ R14, R16, R35, R14                            0      0      0      8192   262144 262144 32     32     0      0      -      -      -      0      0      0      0      0      0      0      0      0      -      0      0      0      0      0      0      0      0      0      0      0      0      0      0      0      0      0      0      0      0      0      0      0      0      0      0      0      0      0      0      0      0      0      0      0      0      0      0      0      0     
0x100055fd700      @P0   IMAD.WIDE R44, R43, 0x4, R40                           0      0      0      8192   262144 229376 32     28     4      0      -      -      -      0      0      0      0      0      0      0      0      0      -      0      0      0      0      0      0      0      0      0      0      0      0      0      0      0      0      0      0      0      0      0      0      0      0      0      0      0      0      0      0      0      0      0      0      0      0      0      0      0      0     
0x100055fd710      @P0   LDG.E.128 R24, desc[UR38][R44.64+0x200]                2      2      2      8192   262144 229376 32     28     4      0      Global Load   128    28672  0      0      0      0      0      114688 114688 0             0      0      0      0      0      0      0      0      1      0      0      0      0      0      0      0      0      0      0      0      0      0      1      0      0      1      0      0      0      0      0      0      0      0      0      0      0      0      0      1     
0x100055fd720      @P0   IMAD.WIDE R44, R43, 0x4, R40                           0      0      0      8192   262144 229376 32     28     4      0      -      -      -      0      0      0      0      0      0      0      0      0      -      0      0      0      0      0      0      0      0      0      0      0      0      0      0      0      0      0      0      0      0      0      0      0      0      0      0      0      0      0      0      0      0      0      0      0      0      0      0      0      0     
0x100055fd730      @P0   LDG.E.128 R28, desc[UR38][R44.64+0x400]                1      1      1      8192   262144 229376 32     28     4      0      Global Load   128    28672  0      0      0      0      0      114688 114688 0             0      0      0      0      0      0      0      0      0      0      0      0      0      0      0      0      0      0      0      0      0      0      1      0      0      0      0      0      0      0      0      0      0      0      0      0      0      0      0      1     
0x100055fd740      @P0   IMAD.WIDE R44, R43, 0x4, R40                           0      0      0      8192   262144 229376 32     28     4      0      -      -      -      0      0      0      0      0      0      0      0      0      -      0      0      0      0      0      0      0      0      0      0      0      0      0      0      0      0      0      0      0      0      0      0      0      0      0      0      0      0      0      0      0      0      0      0      0      0      0      0      0      0     
0x100055fd750            IADD3 R43, PT, PT, R43, R39, RZ                        1      0      1      8192   262144 262144 32     32     0      0      -      -      -      0      0      0      0      0      0      0      0      0      -      0      0      0      0      0      0      0      0      0      0      0      0      0      0      0      0      0      0      1      0      0      0      0      0      0      0      0      0      0      0      0      0      0      0      0      0      0      0      0      0     
0x100055fd760      @P0   LDG.E.128 R32, desc[UR38][R44.64+0x600]                1      0      1      8192   262144 229376 32     28     4      0      Global Load   128    28672  0      0      0      0      0      114688 114688 0             0      0      0      0      0      0      0      0      0      0      0      0      0      0      0      0      0      0      1      0      0      0      0      0      0      0      0      0      0      0      0      0      0      0      0      0      0      0      0      0     
0x100055fd770            ISETP.NE.U32.AND P0, PT, R37, RZ, PT                   0      0      0      8192   262144 262144 32     32     0      0      -      -      -      0      0      0      0      0      0      0      0      0      -      0      0      0      0      0      0      0      0      0      0      0      0      0      0      0      0      0      0      0      0      0      0      0      0      0      0      0      0      0      0      0      0      0      0      0      0      0      0      0      0     
0x100055fd780      @!UPT UIADD3 URZ, UPT, UPT, URZ, URZ, URZ                    4      4      4      8192   262144 0      32     0      32     0      -      -      -      0      0      0      0      0      0      0      0      0      -      0      0      0      0      0      0      0      0      0      0      0      0      0      0      0      0      0      0      0      0      0      0      4      0      0      0      0      0      0      0      0      0      0      0      0      0      0      0      0      4     
0x100055fd790      @P0   BRA 0x100055fd5a0                                      0      0      0      8192   262144 229376 32     28     4      0      -      -      -      0      0      0      0      0      0      0      0      0      -      0      0      0      0      0      0      0      0      0      0      0      0      0      0      0      0      0      0      0      0      0      0      0      0      0      0      0      0      0      0      0      0      0      0      0      0      0      0      0      0     
0x100055fd7a0            S2R R16, SR_TID.X                                      3      3      3      1024   32768  32768  32     32     0      0      -      -      -      0      0      0      0      0      0      0      0      0      -      0      0      0      0      0      0      0      0      0      0      0      0      0      0      0      0      0      0      0      0      0      0      3      0      0      0      0      0      0      0      0      0      0      0      0      0      0      0      0      3     
0x100055fd7b0            LDCU.64 UR6, c[0x0][0x3a8]                             0      0      0      1024   32768  32768  32     32     0      0      -      -      -      0      0      0      0      0      0      0      0      0      -      0      0      0      0      0      0      0      0      0      0      0      0      0      0      0      0      0      0      0      0      0      0      0      0      0      0      0      0      0      0      0      0      0      0      0      0      0      0      0      0     
0x100055fd7c0            F2F.BF16.F32 R0, R0                                    0      0      0      1024   32768  32768  32     32     0      0      -      -      -      0      0      0      0      0      0      0      0      0      -      0      0      0      0      0      0      0      0      0      0      0      0      0      0      0      0      0      0      0      0      0      0      0      0      0      0      0      0      0      0      0      0      0      0      0      0      0      0      0      0     
0x100055fd7d0            IMAD.MOV.U32 R21, RZ, RZ, RZ                           0      0      0      1024   32768  32768  32     32     0      0      -      -      -      0      0      0      0      0      0      0      0      0      -      0      0      0      0      0      0      0      0      0      0      0      0      0      0      0      0      0      0      0      0      0      0      0      0      0      0      0      0      0      0      0      0      0      0      0      0      0      0      0      0     
0x100055fd7e0            LDCU UR8, c[0x0][0x3b0]                                0      0      0      1024   32768  32768  32     32     0      0      -      -      -      0      0      0      0      0      0      0      0      0      -      0      0      0      0      0      0      0      0      0      0      0      0      0      0      0      0      0      0      0      0      0      0      0      0      0      0      0      0      0      0      0      0      0      0      0      0      0      0      0      0     
0x100055fd7f0            LDCU.64 UR4, c[0x0][0x398]                             0      0      0      1024   32768  32768  32     32     0      0      -      -      -      0      0      0      0      0      0      0      0      0      -      0      0      0      0      0      0      0      0      0      0      0      0      0      0      0      0      0      0      0      0      0      0      0      0      0      0      0      0      0      0      0      0      0      0      0      0      0      0      0      0     
0x100055fd800            F2F.BF16.F32 R5, R5                                    0      0      0      1024   32768  32768  32     32     0      0      -      -      -      0      0      0      0      0      0      0      0      0      -      0      0      0      0      0      0      0      0      0      0      0      0      0      0      0      0      0      0      0      0      0      0      0      0      0      0      0      0      0      0      0      0      0      0      0      0      0      0      0      0     
0x100055fd810            F2F.BF16.F32 R2, R2                                    0      0      0      1024   32768  32768  32     32     0      0      -      -      -      0      0      0      0      0      0      0      0      0      -      0      0      0      0      0      0      0      0      0      0      0      0      0      0      0      0      0      0      0      0      0      0      0      0      0      0      0      0      0      0      0      0      0      0      0      0      0      0      0      0     
0x100055fd820            F2F.BF16.F32 R4, R4                                    0      0      0      1024   32768  32768  32     32     0      0      -      -      -      0      0      0      0      0      0      0      0      0      -      0      0      0      0      0      0      0      0      0      0      0      0      0      0      0      0      0      0      0      0      0      0      0      0      0      0      0      0      0      0      0      0      0      0      0      0      0      0      0      0     
0x100055fd830            LOP3.LUT R16, R16, 0x1f, RZ, 0xc0, !PT                 0      0      0      1024   32768  32768  32     32     0      0      -      -      -      0      0      0      0      0      0      0      0      0      -      0      0      0      0      0      0      0      0      0      0      0      0      0      0      0      0      0      0      0      0      0      0      0      0      0      0      0      0      0      0      0      0      0      0      0      0      0      0      0      0     
0x100055fd840            F2F.BF16.F32 R9, R9                                    1      1      1      1024   32768  32768  32     32     0      0      -      -      -      0      0      0      0      0      0      0      0      0      -      0      0      0      0      0      0      0      0      0      0      0      0      0      0      0      0      0      0      0      0      0      0      1      0      0      0      0      0      0      0      0      0      0      0      0      0      0      0      0      1     
0x100055fd850            PRMT R2, R5, 0x5410, R2                                1      1      1      1024   32768  32768  32     32     0      0      -      -      -      0      0      0      0      0      0      0      0      0      -      0      0      0      0      0      0      0      0      0      0      0      0      0      0      0      0      0      0      0      1      0      0      0      0      0      0      0      0      0      0      0      0      0      0      0      0      1      0      0      0     
0x100055fd860            IMAD.SHL.U32 R20, R16, 0x4, RZ                         0      0      0      1024   32768  32768  32     32     0      0      -      -      -      0      0      0      0      0      0      0      0      0      -      0      0      0      0      0      0      0      0      0      0      0      0      0      0      0      0      0      0      0      0      0      0      0      0      0      0      0      0      0      0      0      0      0      0      0      0      0      0      0      0     
0x100055fd870            IMAD.WIDE R20, R36, UR6, R20                           0      0      0      1024   32768  32768  32     32     0      0      -      -      -      0      0      0      0      0      0      0      0      0      -      0      0      0      0      0      0      0      0      0      0      0      0      0      0      0      0      0      0      0      0      0      0      0      0      0      0      0      0      0      0      0      0      0      0      0      0      0      0      0      0     
0x100055fd880            F2F.BF16.F32 R6, R6                                    0      0      0      1024   32768  32768  32     32     0      0      -      -      -      0      0      0      0      0      0      0      0      0      -      0      0      0      0      0      0      0      0      0      0      0      0      0      0      0      0      0      0      0      0      0      0      0      0      0      0      0      0      0      0      0      0      0      0      0      0      0      0      0      0     
0x100055fd890            IMAD.WIDE.U32 R4, R4, 0x10000, RZ                      0      0      0      1024   32768  32768  32     32     0      0      -      -      -      0      0      0      0      0      0      0      0      0      -      0      0      0      0      0      0      0      0      0      0      0      0      0      0      0      0      0      0      0      0      0      0      0      0      0      0      0      0      0      0      0      0      0      0      0      0      0      0      0      0     
0x100055fd8a0            IMAD.WIDE R20, R19, UR7, R20                           0      0      0      1024   32768  32768  32     32     0      0      -      -      -      0      0      0      0      0      0      0      0      0      -      0      0      0      0      0      0      0      0      0      0      0      0      0      0      0      0      0      0      0      0      0      0      0      0      0      0      0      0      0      0      0      0      0      0      0      0      0      0      0      0     
0x100055fd8b0            F2F.BF16.F32 R8, R8                                    0      0      0      1024   32768  32768  32     32     0      0      -      -      -      0      0      0      0      0      0      0      0      0      -      0      0      0      0      0      0      0      0      0      0      0      0      0      0      0      0      0      0      0      0      0      0      0      0      0      0      0      0      0      0      0      0      0      0      0      0      0      0      0      0     
0x100055fd8c0            IMAD.WIDE.U32 R18, R0, 0x10000, RZ                     0      0      0      1024   32768  32768  32     32     0      0      -      -      -      0      0      0      0      0      0      0      0      0      -      0      0      0      0      0      0      0      0      0      0      0      0      0      0      0      0      0      0      0      0      0      0      0      0      0      0      0      0      0      0      0      0      0      0      0      0      0      0      0      0     
0x100055fd8d0            IMAD.WIDE R20, R38, UR8, R20                           1      1      1      1024   32768  32768  32     32     0      0      -      -      -      0      0      0      0      0      0      0      0      0      -      0      0      0      0      0      0      0      0      0      0      0      0      0      0      0      0      0      0      0      0      0      0      1      0      0      0      0      0      0      0      0      0      0      0      0      0      0      0      0      1     
0x100055fd8e0            F2F.BF16.F32 R13, R13                                  2      0      2      1024   32768  32768  32     32     0      0      -      -      -      0      0      0      0      0      0      0      0      0      -      0      0      0      0      0      0      0      0      0      0      0      0      0      0      0      0      0      0      0      0      0      0      2      0      0      0      0      0      0      0      0      0      0      0      0      0      0      0      0      0     
0x100055fd8f0            PRMT R6, R9, 0x5410, R6                                0      0      0      1024   32768  32768  32     32     0      0      -      -      -      0      0      0      0      0      0      0      0      0      -      0      0      0      0      0      0      0      0      0      0      0      0      0      0      0      0      0      0      0      0      0      0      0      0      0      0      0      0      0      0      0      0      0      0      0      0      0      0      0      0     
0x100055fd900            LOP3.LUT R5, R6, R5, RZ, 0xfc, !PT                     0      0      0      1024   32768  32768  32     32     0      0      -      -      -      0      0      0      0      0      0      0      0      0      -      0      0      0      0      0      0      0      0      0      0      0      0      0      0      0      0      0      0      0      0      0      0      0      0      0      0      0      0      0      0      0      0      0      0      0      0      0      0      0      0     
0x100055fd910            IMAD.WIDE.U32 R8, R8, 0x10000, RZ                      0      0      0      1024   32768  32768  32     32     0      0      -      -      -      0      0      0      0      0      0      0      0      0      -      0      0      0      0      0      0      0      0      0      0      0      0      0      0      0      0      0      0      0      0      0      0      0      0      0      0      0      0      0      0      0      0      0      0      0      0      0      0      0      0     
0x100055fd920            F2F.BF16.F32 R10, R10                                  0      0      0      1024   32768  32768  32     32     0      0      -      -      -      0      0      0      0      0      0      0      0      0      -      0      0      0      0      0      0      0      0      0      0      0      0      0      0      0      0      0      0      0      0      0      0      0      0      0      0      0      0      0      0      0      0      0      0      0      0      0      0      0      0     
0x100055fd930            F2F.BF16.F32 R17, R17                                  0      0      0      1024   32768  32768  32     32     0      0      -      -      -      0      0      0      0      0      0      0      0      0      -      0      0      0      0      0      0      0      0      0      0      0      0      0      0      0      0      0      0      0      0      0      0      0      0      0      0      0      0      0      0      0      0      0      0      0      0      0      0      0      0     
0x100055fd940            PRMT R10, R13, 0x5410, R10                             3      3      3      1024   32768  32768  32     32     0      0      -      -      -      0      0      0      0      0      0      0      0      0      -      0      0      0      0      0      0      0      0      0      0      0      0      0      0      0      0      0      0      0      3      0      0      0      0      0      0      0      0      0      0      0      0      0      0      0      0      3      0      0      0     
0x100055fd950            F2F.BF16.F32 R14, R14                                  0      0      0      1024   32768  32768  32     32     0      0      -      -      -      0      0      0      0      0      0      0      0      0      -      0      0      0      0      0      0      0      0      0      0      0      0      0      0      0      0      0      0      0      0      0      0      0      0      0      0      0      0      0      0      0      0      0      0      0      0      0      0      0      0     
0x100055fd960            F2F.BF16.F32 R12, R12                                  1      0      1      1024   32768  32768  32     32     0      0      -      -      -      0      0      0      0      0      0      0      0      0      -      0      0      0      0      0      0      0      0      0      0      0      0      0      0      0      0      0      0      1      0      0      0      0      0      0      0      0      0      0      0      0      0      0      0      0      0      0      0      0      0     
0x100055fd970            PRMT R14, R17, 0x5410, R14                             1      1      1      1024   32768  32768  32     32     0      0      -      -      -      0      0      0      0      0      0      0      0      0      -      0      0      0      0      0      0      0      0      0      0      0      0      0      0      0      0      0      0      0      1      0      0      0      0      0      0      0      0      0      0      0      0      0      0      0      0      1      0      0      0     
0x100055fd980            F2F.BF16.F32 R7, R7                                    3      2      3      1024   32768  32768  32     32     0      0      -      -      -      0      0      0      0      0      0      0      0      0      -      0      0      0      0      0      0      0      0      0      0      0      0      0      0      0      0      0      0      0      0      0      0      3      0      0      0      0      0      0      0      0      0      0      0      0      0      0      0      0      2     
0x100055fd990            LOP3.LUT R17, R2, R19, RZ, 0xfc, !PT                   0      0      0      1024   32768  32768  32     32     0      0      -      -      -      0      0      0      0      0      0      0      0      0      -      0      0      0      0      0      0      0      0      0      0      0      0      0      0      0      0      0      0      0      0      0      0      0      0      0      0      0      0      0      0      0      0      0      0      0      0      0      0      0      0     
0x100055fd9a0            LEA R2, P0, R20, UR4, 0x1                              0      0      0      1024   32768  32768  32     32     0      0      -      -      -      0      0      0      0      0      0      0      0      0      -      0      0      0      0      0      0      0      0      0      0      0      0      0      0      0      0      0      0      0      0      0      0      0      0      0      0      0      0      0      0      0      0      0      0      0      0      0      0      0      0     
0x100055fd9b0            IMAD.WIDE.U32 R12, R12, 0x10000, RZ                    0      0      0      1024   32768  32768  32     32     0      0      -      -      -      0      0      0      0      0      0      0      0      0      -      0      0      0      0      0      0      0      0      0      0      0      0      0      0      0      0      0      0      0      0      0      0      0      0      0      0      0      0      0      0      0      0      0      0      0      0      0      0      0      0     
0x100055fd9c0            F2F.BF16.F32 R3, R3                                    0      0      0      1024   32768  32768  32     32     0      0      -      -      -      0      0      0      0      0      0      0      0      0      -      0      0      0      0      0      0      0      0      0      0      0      0      0      0      0      0      0      0      0      0      0      0      0      0      0      0      0      0      0      0      0      0      0      0      0      0      0      0      0      0     
0x100055fd9d0            LOP3.LUT R4, R4, R7, RZ, 0xfc, !PT                     1      1      1      1024   32768  32768  32     32     0      0      -      -      -      0      0      0      0      0      0      0      0      0      -      0      0      0      0      0      0      0      0      0      0      0      0      0      0      0      0      0      0      0      1      0      0      0      0      0      0      0      0      0      0      0      0      0      0      0      0      1      0      0      0     
0x100055fd9e0            F2F.BF16.F32 R11, R11                                  0      0      0      1024   32768  32768  32     32     0      0      -      -      -      0      0      0      0      0      0      0      0      0      -      0      0      0      0      0      0      0      0      0      0      0      0      0      0      0      0      0      0      0      0      0      0      0      0      0      0      0      0      0      0      0      0      0      0      0      0      0      0      0      0     
0x100055fd9f0            LOP3.LUT R7, R10, R9, RZ, 0xfc, !PT                    0      0      0      1024   32768  32768  32     32     0      0      -      -      -      0      0      0      0      0      0      0      0      0      -      0      0      0      0      0      0      0      0      0      0      0      0      0      0      0      0      0      0      0      0      0      0      0      0      0      0      0      0      0      0      0      0      0      0      0      0      0      0      0      0     
0x100055fda00            LOP3.LUT R9, R14, R13, RZ, 0xfc, !PT                   0      0      0      1024   32768  32768  32     32     0      0      -      -      -      0      0      0      0      0      0      0      0      0      -      0      0      0      0      0      0      0      0      0      0      0      0      0      0      0      0      0      0      0      0      0      0      0      0      0      0      0      0      0      0      0      0      0      0      0      0      0      0      0      0     
0x100055fda10            LOP3.LUT R16, R18, R3, RZ, 0xfc, !PT                   1      0      1      1024   32768  32768  32     32     0      0      -      -      -      0      0      0      0      0      0      0      0      0      -      0      0      0      0      0      0      0      0      0      0      0      0      0      0      0      0      0      0      1      0      0      0      0      0      0      0      0      0      0      0      0      0      0      0      0      0      0      0      0      0     
0x100055fda20            F2F.BF16.F32 R15, R15                                  1      0      1      1024   32768  32768  32     32     0      0      -      -      -      0      0      0      0      0      0      0      0      0      -      0      0      0      0      0      0      0      0      0      0      0      0      0      0      1      0      0      0      0      0      0      0      0      0      0      0      0      0      0      0      0      0      0      0      0      0      0      0      0      0     
0x100055fda30            LEA.HI.X R3, R20, UR5, R21, 0x1, P0                    0      0      0      1024   32768  32768  32     32     0      0      -      -      -      0      0      0      0      0      0      0      0      0      -      0      0      0      0      0      0      0      0      0      0      0      0      0      0      0      0      0      0      0      0      0      0      0      0      0      0      0      0      0      0      0      0      0      0      0      0      0      0      0      0     
0x100055fda40            STG.E.64 desc[UR38][R2.64], R16                        1      1      1      1024   32768  32768  32     32     0      0      Global Store  64     2048   0      0      0      0      0      8192   8192   0             0      0      0      0      0      0      0      0      0      0      0      0      0      0      0      0      0      0      0      0      0      0      1      0      0      0      0      0      0      0      0      0      0      0      0      0      0      0      0      1     
0x100055fda50            LOP3.LUT R6, R8, R11, RZ, 0xfc, !PT                    1      1      1      1024   32768  32768  32     32     0      0      -      -      -      0      0      0      0      0      0      0      0      0      -      0      0      0      0      0      0      0      0      0      0      0      0      0      0      0      0      0      0      0      1      0      0      0      0      0      0      0      0      0      0      0      0      0      0      0      0      1      0      0      0     
0x100055fda60            STG.E.64 desc[UR38][R2.64+0x100], R4                   0      0      0      1024   32768  32768  32     32     0      0      Global Store  64     2048   0      0      0      0      0      8192   8192   0             0      0      0      0      0      0      0      0      0      0      0      0      0      0      0      0      0      0      0      0      0      0      0      0      0      0      0      0      0      0      0      0      0      0      0      0      0      0      0      0     
0x100055fda70            STG.E.64 desc[UR38][R2.64+0x200], R6                   2      1      2      1024   32768  32768  32     32     0      0      Global Store  64     2048   0      0      0      0      0      8192   8192   0             0      0      0      0      0      0      0      0      0      0      0      0      0      0      0      0      0      0      1      0      0      0      1      0      0      0      0      0      0      0      0      0      0      0      0      0      0      0      0      1     
0x100055fda80            LOP3.LUT R8, R12, R15, RZ, 0xfc, !PT                   0      0      0      1024   32768  32768  32     32     0      0      -      -      -      0      0      0      0      0      0      0      0      0      -      0      0      0      0      0      0      0      0      0      0      0      0      0      0      0      0      0      0      0      0      0      0      0      0      0      0      0      0      0      0      0      0      0      0      0      0      0      0      0      0     
0x100055fda90            STG.E.64 desc[UR38][R2.64+0x300], R8                   0      0      0      1024   32768  32768  32     32     0      0      Global Store  64     2048   0      0      0      0      0      8192   8192   0             0      0      0      0      0      0      0      0      0      0      0      0      0      0      0      0      0      0      0      0      0      0      0      0      0      0      0      0      0      0      0      0      0      0      0      0      0      0      0      0     
0x100055fdaa0            EXIT                                                   0      0      0      1024   32768  32768  32     32     0      0      -      -      -      0      0      0      0      0      0      0      0      0      -      0      0      0      0      0      0      0      0      0      0      0      0      0      0      0      0      0      0      0      0      0      0      0      0      0      0      0      0      0      0      0      0      0      0      0      0      0      0      0      0     
0x100055fdab0            BRA `(.L_x_0) 0x100055fdab0                            2      2      2      0      0      0      0      0      0      0      -      -      -      0      0      0      0      0      0      0      0      0      -      0      0      0      0      0      0      0      0      0      1      0      0      0      0      0      0      0      0      0      0      0      0      1      0      0      0      1      0      0      0      0      0      0      0      0      0      0      0      0      1     
0x100055fdac0            NOP                                                    0      0      0      0      0      0      0      0      32     0      -      -      -      0      0      0      0      0      0      0      0      0      -      0      0      0      0      0      0      0      0      0      0      0      0      0      0      0      0      0      0      0      0      0      0      0      0      0      0      0      0      0      0      0      0      0      0      0      0      0      0      0      0     
0x100055fdad0            NOP                                                    0      0      0      0      0      0      0      0      32     0      -      -      -      0      0      0      0      0      0      0      0      0      -      0      0      0      0      0      0      0      0      0      0      0      0      0      0      0      0      0      0      0      0      0      0      0      0      0      0      0      0      0      0      0      0      0      0      0      0      0      0      0      0     
0x100055fdae0            NOP                                                    0      0      0      0      0      0      0      0      32     0      -      -      -      0      0      0      0      0      0      0      0      0      -      0      0      0      0      0      0      0      0      0      0      0      0      0      0      0      0      0      0      0      0      0      0      0      0      0      0      0      0      0      0      0      0      0      0      0      0      0      0      0      0     
0x100055fdaf0            NOP                                                    0      0      0      0      0      0      0      0      32     0      -      -      -      0      0      0      0      0      0      0      0      0      -      0      0      0      0      0      0      0      0      0      0      0      0      0      0      0      0      0      0      0      0      0      0      0      0      0      0      0      0      0      0      0      0      0      0      0      0      0      0      0      0     
0x100055fdb00            NOP                                                    0      0      0      0      0      0      0      0      32     0      -      -      -      0      0      0      0      0      0      0      0      0      -      0      0      0      0      0      0      0      0      0      0      0      0      0      0      0      0      0      0      0      0      0      0      0      0      0      0      0      0      0      0      0      0      0      0      0      0      0      0      0      0     
0x100055fdb10            NOP                                                    0      0      0      0      0      0      0      0      32     0      -      -      -      0      0      0      0      0      0      0      0      0      -      0      0      0      0      0      0      0      0      0      0      0      0      0      0      0      0      0      0      0      0      0      0      0      0      0      0      0      0      0      0      0      0      0      0      0      0      0      0      0      0     
0x100055fdb20            NOP                                                    0      0      0      0      0      0      0      0      32     0      -      -      -      0      0      0      0      0      0      0      0      0      -      0      0      0      0      0      0      0      0      0      0      0      0      0      0      0      0      0      0      0      0      0      0      0      0      0      0      0      0      0      0      0      0      0      0      0      0      0      0      0      0     
0x100055fdb30            NOP                                                    0      0      0      0      0      0      0      0      32     0      -      -      -      0      0      0      0      0      0      0      0      0      -      0      0      0      0      0      0      0      0      0      0      0      0      0      0      0      0      0      0      0      0      0      0      0      0      0      0      0      0      0      0      0      0      0      0      0      0      0      0      0      0     
0x100055fdb40            NOP                                                    0      0      0      0      0      0      0      0      32     0      -      -      -      0      0      0      0      0      0      0      0      0      -      0      0      0      0      0      0      0      0      0      0      0      0      0      0      0      0      0      0      0      0      0      0      0      0      0      0      0      0      0      0      0      0      0      0      0      0      0      0      0      0     
0x100055fdb50            NOP                                                    0      0      0      0      0      0      0      0      32     0      -      -      -      0      0      0      0      0      0      0      0      0      -      0      0      0      0      0      0      0      0      0      0      0      0      0      0      0      0      0      0      0      0      0      0      0      0      0      0      0      0      0      0      0      0      0      0      0      0      0      0      0      0     
0x100055fdb60            NOP                                                    0      0      0      0      0      0      0      0      32     0      -      -      -      0      0      0      0      0      0      0      0      0      -      0      0      0      0      0      0      0      0      0      0      0      0      0      0      0      0      0      0      0      0      0      0      0      0      0      0      0      0      0      0      0      0      0      0      0      0      0      0      0      0     
0x100055fdb70            NOP                                                    0      0      0      0      0      0      0      0      32     0      -      -      -      0      0      0      0      0      0      0      0      0      -      0      0      0      0      0      0      0      0      0      0      0      0      0      0      0      0      0      0      0      0      0      0      0      0      0      0      0      0      0      0      0      0      0      0      0      0      0      0      0      0     
